Year,R,SSB,Landings,F,Stock,Species,GSA,Comments,Meeting
2002,56178,990.9,460.1,0.36,NEP,Norway lobster,15-16,a4a      F is Fbar 2-7,2013-11_STECF 13 -22
2003,61146,1117.5,678.2,0.65,NEP,Norway lobster,15-16,a4a      F is Fbar 2-8,2013-11_STECF 13 -22
2004,79374,860,428,0.41,NEP,Norway lobster,15-16,a4a      F is Fbar 2-9,2013-11_STECF 13 -22
2005,7329,913.2,489.9,0.37,NEP,Norway lobster,15-16,a4a      F is Fbar 2-10,2013-11_STECF 13 -22
2006,78717,1026.2,673.4,0.43,NEP,Norway lobster,15-16,a4a      F is Fbar 2-11,2013-11_STECF 13 -22
2007,76003,1071.9,797.23,0.4,NEP,Norway lobster,15-16,a4a      F is Fbar 2-12,2013-11_STECF 13 -22
2008,72141,1180.1,672.55,0.36,NEP,Norway lobster,15-16,a4a      F is Fbar 2-13,2013-11_STECF 13 -22
2009,87502,1309.1,636.5,0.52,NEP,Norway lobster,15-16,a4a      F is Fbar 2-14,2013-11_STECF 13 -22
2010,14646,1151,620.82,0.32,NEP,Norway lobster,15-16,a4a      F is Fbar 2-15,2013-11_STECF 13 -22
2011,230332,1400.7,631.04,0.29,NEP,Norway lobster,15-16,a4a      F is Fbar 2-16,2013-11_STECF 13 -22
2012,22383,1892.4,443.5,0.15,NEP,Norway lobster,15-16,a4a      F is Fbar 2-17,2013-11_STECF 13 -22
2004,,,583.3,0.83936,MUT,Red mullet,9,ASPIC,2013-04_STECF 13-05
2005,,,678.9,0.86681,MUT,Red mullet,9,ASPIC,2013-04_STECF 13-05
2006,,,1050.1,0.85888,MUT,Red mullet,9,ASPIC,2013-04_STECF 13-05
2007,,,1096,0.98637,MUT,Red mullet,9,ASPIC,2013-04_STECF 13-05
2008,,,727.5,0.94977,MUT,Red mullet,9,ASPIC,2013-04_STECF 13-05
2009,,,738.3,0.85766,MUT,Red mullet,9,ASPIC,2013-04_STECF 13-05
2010,,,760.5,0.74542,MUT,Red mullet,9,ASPIC,2013-04_STECF 13-05
2011,,,875.3,0.69113,MUT,Red mullet,9,ASPIC,2013-04_STECF 13-05
,NA,NA,NA,NA,PIL,Sardine,16,ICA,2013-04_STECF 13-05
1970,NA,NA,4438,NA,SPR,Sprat,29,ICA     F is Fbar 1-3.,2013-10_STECF 13-20
1971,NA,NA,5836,NA,SPR,Sprat,29,ICA     F is Fbar 1-3.,2013-10_STECF 13-20
1972,NA,NA,3885,NA,SPR,Sprat,29,ICA     F is Fbar 1-3.,2013-10_STECF 13-20
1973,NA,NA,4305,NA,SPR,Sprat,29,ICA     F is Fbar 1-3.,2013-10_STECF 13-20
1974,NA,NA,6213,NA,SPR,Sprat,29,ICA     F is Fbar 1-3.,2013-10_STECF 13-20
1975,NA,NA,7126,NA,SPR,Sprat,29,ICA     F is Fbar 1-3.,2013-10_STECF 13-20
1976,NA,NA,8970,NA,SPR,Sprat,29,ICA     F is Fbar 1-3.,2013-10_STECF 13-20
1977,NA,NA,16917,NA,SPR,Sprat,29,ICA     F is Fbar 1-3.,2013-10_STECF 13-20
1978,NA,NA,16012,NA,SPR,Sprat,29,ICA     F is Fbar 1-3.,2013-10_STECF 13-20
1979,NA,NA,73733,NA,SPR,Sprat,29,ICA     F is Fbar 1-3.,2013-10_STECF 13-20
1980,NA,NA,84450,NA,SPR,Sprat,29,ICA     F is Fbar 1-3.,2013-10_STECF 13-20
1981,NA,NA,79292,NA,SPR,Sprat,29,ICA     F is Fbar 1-3.,2013-10_STECF 13-20
1982,NA,NA,41118,NA,SPR,Sprat,29,ICA     F is Fbar 1-3.,2013-10_STECF 13-20
1983,NA,NA,40913,NA,SPR,Sprat,29,ICA     F is Fbar 1-3.,2013-10_STECF 13-20
1984,NA,NA,42515,NA,SPR,Sprat,29,ICA     F is Fbar 1-3.,2013-10_STECF 13-20
1985,NA,NA,51599,NA,SPR,Sprat,29,ICA     F is Fbar 1-3.,2013-10_STECF 13-20
1986,NA,NA,53244,NA,SPR,Sprat,29,ICA     F is Fbar 1-3.,2013-10_STECF 13-20
1987,NA,NA,73280,NA,SPR,Sprat,29,ICA     F is Fbar 1-3.,2013-10_STECF 13-20
1988,NA,NA,66817,NA,SPR,Sprat,29,ICA     F is Fbar 1-3.,2013-10_STECF 13-20
1989,NA,NA,105306,NA,SPR,Sprat,29,ICA     F is Fbar 1-3.,2013-10_STECF 13-20
1990,NA,NA,52873,NA,SPR,Sprat,29,ICA     F is Fbar 1-3.,2013-10_STECF 13-20
1991,NA,NA,17082,NA,SPR,Sprat,29,ICA     F is Fbar 1-3.,2013-10_STECF 13-20
1992,NA,NA,20883,NA,SPR,Sprat,29,ICA     F is Fbar 1-3.,2013-10_STECF 13-20
1993,33782600,56761,16664,0.844,SPR,Sprat,29,ICA     F is Fbar 1-3.,2013-10_STECF 13-20
1994,45188990,61942,20339,1.003,SPR,Sprat,29,ICA     F is Fbar 1-3.,2013-10_STECF 13-20
1995,55266250,108391,22108,0.766,SPR,Sprat,29,ICA     F is Fbar 1-3.,2013-10_STECF 13-20
1996,77426390,134249,28893,0.535,SPR,Sprat,29,ICA     F is Fbar 1-3.,2013-10_STECF 13-20
1997,74050610,165684,28431,0.431,SPR,Sprat,29,ICA     F is Fbar 1-3.,2013-10_STECF 13-20
1998,71506480,187557,39353,0.521,SPR,Sprat,29,ICA     F is Fbar 1-3.,2013-10_STECF 13-20
1999,86695340,218643,39705,0.482,SPR,Sprat,29,ICA     F is Fbar 1-3.,2013-10_STECF 13-20
2000,186274610,200881,49757,0.457,SPR,Sprat,29,ICA     F is Fbar 1-3.,2013-10_STECF 13-20
2001,181222870,402556,69861,0.381,SPR,Sprat,29,ICA     F is Fbar 1-3.,2013-10_STECF 13-20
2002,141529580,510936,71859,0.409,SPR,Sprat,29,ICA     F is Fbar 1-3.,2013-10_STECF 13-20
2003,85901260,469368,47721,0.542,SPR,Sprat,29,ICA     F is Fbar 1-3.,2013-10_STECF 13-20
2004,84895790,324104,44364,0.51,SPR,Sprat,29,ICA     F is Fbar 1-3.,2013-10_STECF 13-20
2005,73765070,257837,50300,0.706,SPR,Sprat,29,ICA     F is Fbar 1-3.,2013-10_STECF 13-20
2006,85273460,226156,44821,0.488,SPR,Sprat,29,ICA     F is Fbar 1-3.,2013-10_STECF 13-20
2007,123693570,229543,39008,0.356,SPR,Sprat,29,ICA     F is Fbar 1-3.,2013-10_STECF 13-20
2008,197275040,317791,73366,0.343,SPR,Sprat,29,ICA     F is Fbar 1-3.,2013-10_STECF 13-20
2009,170296280,434720,91375,0.633,SPR,Sprat,29,ICA     F is Fbar 1-3.,2013-10_STECF 13-20
2010,135560140,453157,91594,0.749,SPR,Sprat,29,ICA     F is Fbar 1-3.,2013-10_STECF 13-20
2011,119694830,316350,120708,1.121,SPR,Sprat,29,ICA     F is Fbar 1-3.,2013-10_STECF 13-20
2012,104761280,311846,35025,0.404,SPR,Sprat,29,ICA     F is Fbar 1-3.,2013-10_STECF 13-20
2006,,,285.4,,PAC,Common pandora,9,LCA,2011-11_STECF 11-14
2007,,,146.5,,PAC,Common pandora,9,LCA,2011-11_STECF 11-14
2008,,,216.3,,PAC,Common pandora,9,LCA,2011-11_STECF 11-14
2009,,,199.1,,PAC,Common pandora,9,LCA,2011-11_STECF 11-14
2010,,,171.4,,PAC,Common pandora,9,LCA,2011-11_STECF 11-14
2004,,,1495,,ANE,Anchovy,9,LCA,2011-11_STECF 11-14
2005,,,2105,,ANE,Anchovy,9,LCA,2011-11_STECF 11-14
2006,,,3726,,ANE,Anchovy,9,LCA,2011-11_STECF 11-14
2007,,,2296,,ANE,Anchovy,9,LCA,2011-11_STECF 11-14
2008,,,1349,,ANE,Anchovy,9,LCA,2011-11_STECF 11-14
2009,,,2504,,ANE,Anchovy,9,LCA,2011-11_STECF 11-14
2010,,,2999,,ANE,Anchovy,9,LCA,2011-11_STECF 11-14
2002,,,339.627,,ARA,Blue and red shrimp,1,LCA,2011-07_STECF 11-08
2003,,,422.673,,ARA,Blue and red shrimp,1,LCA,2011-07_STECF 11-08
2004,,,346.253,,ARA,Blue and red shrimp,1,LCA,2011-07_STECF 11-08
2005,,,283.988,,ARA,Blue and red shrimp,1,LCA,2011-07_STECF 11-08
2006,,,371.231,,ARA,Blue and red shrimp,1,LCA,2011-07_STECF 11-08
2007,,,216.781,,ARA,Blue and red shrimp,1,LCA,2011-07_STECF 11-08
2008,,,150.323,,ARA,Blue and red shrimp,1,LCA,2011-07_STECF 11-08
2009,,,184.414,,ARA,Blue and red shrimp,1,LCA,2011-07_STECF 11-08
2006,,,92.7,0.57,ARA,Blue and red shrimp,9,LCA,2011-11_STECF 11-14
2007,,,47.37,0.62,ARA,Blue and red shrimp,9,LCA,2011-11_STECF 11-14
2008,,,63.46,0.54,ARA,Blue and red shrimp,9,LCA,2011-11_STECF 11-14
2009,,,123.5,0.82,ARA,Blue and red shrimp,9,LCA,2011-11_STECF 11-14
2010,,,186.4,0.57,ARA,Blue and red shrimp,9,LCA,2011-11_STECF 11-14
2003,,,1761,,HKE,Hake,20,LCA,2012-11_STECF 12-21
2004,,,3497,,HKE,Hake,20,LCA,2012-11_STECF 12-21
2005,,,3917,,HKE,Hake,20,LCA,2012-11_STECF 12-21
2006,,,3520,,HKE,Hake,20,LCA,2012-11_STECF 12-21
2007,,,,,HKE,Hake,20,LCA,2012-11_STECF 12-21
2008,,,3294,,HKE,Hake,20,LCA,2012-11_STECF 12-21
2004,,,372,,MUR,Striped red mullet,9,LCA     F is Fbar 0-3.,2011-11_STECF 11-14
2005,,,404,,MUR,Striped red mullet,9,LCA     F is Fbar 0-3.,2011-11_STECF 11-14
2006,,,373,,MUR,Striped red mullet,9,LCA     F is Fbar 0-3.,2011-11_STECF 11-14
2007,,,322,,MUR,Striped red mullet,9,LCA     F is Fbar 0-3.,2011-11_STECF 11-14
2008,,,224,,MUR,Striped red mullet,9,LCA     F is Fbar 0-3.,2011-11_STECF 11-14
2009,5800,335,250,0.7,MUR,Striped red mullet,9,LCA     F is Fbar 0-3.,2011-11_STECF 11-14
2010,,,278,0.6,MUR,Striped red mullet,9,LCA     F is Fbar 0-3.,2011-11_STECF 11-14
2003,,,4961,,HKE,Hake,22-23,LCA      F is Fbar 1-4,2012-11_STECF 12-21
2004,375057.059,5720.32233,7613,0.75,HKE,Hake,22-23,LCA      F is Fbar 1-4,2012-11_STECF 12-21
2005,387000,7818.136,8510,0.67,HKE,Hake,22-23,LCA      F is Fbar 1-4,2012-11_STECF 12-21
2006,375000,5645.266,9076,0.83,HKE,Hake,22-23,LCA      F is Fbar 1-4,2012-11_STECF 12-21
2007,,,,,HKE,Hake,22-23,LCA      F is Fbar 1-4,2012-11_STECF 12-21
2008,,,7160,,HKE,Hake,22-23,LCA      F is Fbar 1-4,2012-11_STECF 12-21
2004,,,575,,MTS,Spottail mantis shrimp,9,LCA      F is Fbar 1-4,2011-11_STECF 11-14
2005,,,590,,MTS,Spottail mantis shrimp,9,LCA      F is Fbar 1-4,2011-11_STECF 11-14
2006,,,478,,MTS,Spottail mantis shrimp,9,LCA      F is Fbar 1-4,2011-11_STECF 11-14
2007,,,492,,MTS,Spottail mantis shrimp,9,LCA      F is Fbar 1-4,2011-11_STECF 11-14
2008,,,394,,MTS,Spottail mantis shrimp,9,LCA      F is Fbar 1-4,2011-11_STECF 11-14
2009,43000,368,399,1.3,MTS,Spottail mantis shrimp,9,LCA      F is Fbar 1-4,2011-11_STECF 11-14
2010,45000,430,386,1.2,MTS,Spottail mantis shrimp,9,LCA      F is Fbar 1-4,2011-11_STECF 11-14
2005,,,170.667,,ARS,Giant red shrimp,11,LCA      F is Fbar 1-4,2011-11_STECF 11-14
2006,,,128.672,0.72,ARS,Giant red shrimp,11,LCA      F is Fbar 1-4,2011-11_STECF 11-14
2007,,,81.681,0.98,ARS,Giant red shrimp,11,LCA      F is Fbar 1-4,2011-11_STECF 11-14
2008,,,67.115,,ARS,Giant red shrimp,11,LCA      F is Fbar 1-4,2011-11_STECF 11-14
2009,,,117.434,0.85,ARS,Giant red shrimp,11,LCA      F is Fbar 1-4,2011-11_STECF 11-14
2010,,,109.054,1.28,ARS,Giant red shrimp,11,LCA      F is Fbar 1-4,2011-11_STECF 11-14
2002,NA,NA,2409.4,NA,WHB,Blue whiting,6,LCA     F is Fbar 2-5.,2012-11_STECF 12-19
2003,NA,NA,1277.3,NA,WHB,Blue whiting,6,LCA     F is Fbar 2-5.,2012-11_STECF 12-19
2004,NA,NA,2592.2,NA,WHB,Blue whiting,6,LCA     F is Fbar 2-5.,2012-11_STECF 12-19
2005,NA,NA,2226.3,NA,WHB,Blue whiting,6,LCA     F is Fbar 2-5.,2012-11_STECF 12-19
2006,NA,NA,4729.1,NA,WHB,Blue whiting,6,LCA     F is Fbar 2-5.,2012-11_STECF 12-19
2007,NA,NA,4448,NA,WHB,Blue whiting,6,LCA     F is Fbar 2-5.,2012-11_STECF 12-19
2008,NA,NA,2194,NA,WHB,Blue whiting,6,LCA     F is Fbar 2-5.,2012-11_STECF 12-19
2009,62429.165,1804.4,1528,0.96,WHB,Blue whiting,6,LCA     F is Fbar 2-5.,2012-11_STECF 12-19
2010,65707.881,1287.13,1321,0.84,WHB,Blue whiting,6,LCA     F is Fbar 2-5.,2012-11_STECF 12-19
2011,93819.766,1526.76,1936,1.05,WHB,Blue whiting,6,LCA     F is Fbar 2-5.,2012-11_STECF 12-19
2002,NA,NA,438.602,NA,WHB,Blue whiting,1,LCA     F is Fbar 2-5.,2013-04_STECF 13-05
2003,NA,NA,790.13,NA,WHB,Blue whiting,1,LCA     F is Fbar 2-5.,2013-04_STECF 13-05
2004,NA,NA,1157.68,NA,WHB,Blue whiting,1,LCA     F is Fbar 2-5.,2013-04_STECF 13-05
2005,NA,NA,1257.79,NA,WHB,Blue whiting,1,LCA     F is Fbar 2-5.,2013-04_STECF 13-05
2006,NA,NA,3124.92,NA,WHB,Blue whiting,1,LCA     F is Fbar 2-5.,2013-04_STECF 13-05
2007,NA,NA,953.381,NA,WHB,Blue whiting,1,LCA     F is Fbar 2-5.,2013-04_STECF 13-05
2008,NA,NA,426,NA,WHB,Blue whiting,1,LCA     F is Fbar 2-5.,2013-04_STECF 13-05
2009,12883.07,977.12537,671,1,WHB,Blue whiting,1,LCA     F is Fbar 2-5.,2013-04_STECF 13-05
2010,52470.01,500.50094,1031,1.3,WHB,Blue whiting,1,LCA     F is Fbar 2-5.,2013-04_STECF 13-05
2011,30291,427.64364,644,1.4,WHB,Blue whiting,1,LCA     F is Fbar 2-5.,2013-04_STECF 13-05
2004,,,274,,NEP,Norway lobster,9,LCA     F is Fbar 3-6.,2011-11_STECF 11-14
2005,,,289,,NEP,Norway lobster,9,LCA     F is Fbar 3-6.,2011-11_STECF 11-14
2006,,,248,,NEP,Norway lobster,9,LCA     F is Fbar 3-6.,2011-11_STECF 11-14
2007,,,260,,NEP,Norway lobster,9,LCA     F is Fbar 3-6.,2011-11_STECF 11-14
2008,,,228,,NEP,Norway lobster,9,LCA     F is Fbar 3-6.,2011-11_STECF 11-14
2009,,,250,,NEP,Norway lobster,9,LCA     F is Fbar 3-6.,2011-11_STECF 11-14
2010,,,162,,NEP,Norway lobster,9,LCA     F is Fbar 3-6.,2011-11_STECF 11-14
1976,103714117,389259,22215,0.175,ANE,Anchovy,17,SAM      F is Fbar 1-2,STECF 13-19
1977,126083784,418738,29400,0.188,ANE,Anchovy,17,SAM      F is Fbar 1-2,STECF 13-19
1978,133999255,480701,42422,0.262,ANE,Anchovy,17,SAM      F is Fbar 1-2,STECF 13-19
1979,108630807,404335,50633,0.301,ANE,Anchovy,17,SAM      F is Fbar 1-2,STECF 13-19
1980,72220938,298045,54279,0.352,ANE,Anchovy,17,SAM      F is Fbar 1-2,STECF 13-19
1981,49920267,198392,47346,0.471,ANE,Anchovy,17,SAM      F is Fbar 1-2,STECF 13-19
1982,38350863,151146,37525,0.544,ANE,Anchovy,17,SAM      F is Fbar 1-2,STECF 13-19
1983,38744261,159054,25418,0.453,ANE,Anchovy,17,SAM      F is Fbar 1-2,STECF 13-19
1984,33659638,139107,21930,0.359,ANE,Anchovy,17,SAM      F is Fbar 1-2,STECF 13-19
1985,16721803,97538,28113,0.382,ANE,Anchovy,17,SAM      F is Fbar 1-2,STECF 13-19
1986,10760076,66769,32110,0.838,ANE,Anchovy,17,SAM      F is Fbar 1-2,STECF 13-19
1987,16415458,72403,7558,0.29,ANE,Anchovy,17,SAM      F is Fbar 1-2,STECF 13-19
1988,26352076,92503,5875,0.148,ANE,Anchovy,17,SAM      F is Fbar 1-2,STECF 13-19
1989,33300295,122027,11390,0.211,ANE,Anchovy,17,SAM      F is Fbar 1-2,STECF 13-19
1990,34393151,148153,11967,0.178,ANE,Anchovy,17,SAM      F is Fbar 1-2,STECF 13-19
1991,32915453,160653,15088,0.191,ANE,Anchovy,17,SAM      F is Fbar 1-2,STECF 13-19
1992,38795080,171613,18726,0.19,ANE,Anchovy,17,SAM      F is Fbar 1-2,STECF 13-19
1993,44709367,179333,13160,0.159,ANE,Anchovy,17,SAM      F is Fbar 1-2,STECF 13-19
1994,56167632,196614,15960,0.172,ANE,Anchovy,17,SAM      F is Fbar 1-2,STECF 13-19
1995,51220695,197402,26103,0.27,ANE,Anchovy,17,SAM      F is Fbar 1-2,STECF 13-19
1996,41675732,177549,26844,0.306,ANE,Anchovy,17,SAM      F is Fbar 1-2,STECF 13-19
1997,31984591,139944,29611,0.325,ANE,Anchovy,17,SAM      F is Fbar 1-2,STECF 13-19
1998,31546429,111413,30792,0.483,ANE,Anchovy,17,SAM      F is Fbar 1-2,STECF 13-19
1999,33382319,105873,24484,0.58,ANE,Anchovy,17,SAM      F is Fbar 1-2,STECF 13-19
2000,40332428,119731,29036,0.907,ANE,Anchovy,17,SAM      F is Fbar 1-2,STECF 13-19
2001,42279476,130353,28280,0.812,ANE,Anchovy,17,SAM      F is Fbar 1-2,STECF 13-19
2002,45994335,146093,23467,0.677,ANE,Anchovy,17,SAM      F is Fbar 1-2,STECF 13-19
2003,66453696,180773,25016,0.706,ANE,Anchovy,17,SAM      F is Fbar 1-2,STECF 13-19
2004,89553757,208981,31280,0.613,ANE,Anchovy,17,SAM      F is Fbar 1-2,STECF 13-19
2005,98969393,360771,43233,0.64,ANE,Anchovy,17,SAM      F is Fbar 1-2,STECF 13-19
2006,90247979,319656,45401,0.471,ANE,Anchovy,17,SAM      F is Fbar 1-2,STECF 13-19
2007,67883538,243045,58674,0.789,ANE,Anchovy,17,SAM      F is Fbar 1-2,STECF 13-19
2008,58812026,178975,45433,0.786,ANE,Anchovy,17,SAM      F is Fbar 1-2,STECF 13-19
2009,58023696,149194,42313,1.124,ANE,Anchovy,17,SAM      F is Fbar 1-2,STECF 13-19
2010,42882501,125242,43453,1.278,ANE,Anchovy,17,SAM      F is Fbar 1-2,STECF 13-19
2011,38985627,140927,36110,1.518,ANE,Anchovy,17,SAM      F is Fbar 1-2,STECF 13-19
2012,31910919,123871,32924,0.796,ANE,Anchovy,17,SAM      F is Fbar 1-2,STECF 13-19
1975,12298649,339762,31263,0.324,PIL,Sardine,17,SAM      F is Fbar 2-6,STECF 13-19
1976,12572218,365858,42095,0.346,PIL,Sardine,17,SAM      F is Fbar 2-6,STECF 13-19
1977,12274077,369165,50952,0.356,PIL,Sardine,17,SAM      F is Fbar 2-6,STECF 13-19
1978,13269782,376623,41439,0.337,PIL,Sardine,17,SAM      F is Fbar 2-6,STECF 13-19
1979,14447038,437136,38954,0.328,PIL,Sardine,17,SAM      F is Fbar 2-6,STECF 13-19
1980,15603409,480701,45297,0.341,PIL,Sardine,17,SAM      F is Fbar 2-6,STECF 13-19
1981,15998412,427197,88587,0.4,PIL,Sardine,17,SAM      F is Fbar 2-6,STECF 13-19
1982,17348212,453613,80227,0.391,PIL,Sardine,17,SAM      F is Fbar 2-6,STECF 13-19
1983,19268843,508388,79404,0.386,PIL,Sardine,17,SAM      F is Fbar 2-6,STECF 13-19
1984,22053900,585956,88105,0.385,PIL,Sardine,17,SAM      F is Fbar 2-6,STECF 13-19
1985,17698669,582451,69838,0.377,PIL,Sardine,17,SAM      F is Fbar 2-6,STECF 13-19
1986,12434681,457714,72839,0.394,PIL,Sardine,17,SAM      F is Fbar 2-6,STECF 13-19
1987,14606833,380789,64989,0.415,PIL,Sardine,17,SAM      F is Fbar 2-6,STECF 13-19
1988,16110793,388870,59812,0.429,PIL,Sardine,17,SAM      F is Fbar 2-6,STECF 13-19
1989,15494567,396329,60736,0.471,PIL,Sardine,17,SAM      F is Fbar 2-6,STECF 13-19
1990,13322968,373622,56758,0.484,PIL,Sardine,17,SAM      F is Fbar 2-6,STECF 13-19
1991,11353084,333701,45845,0.479,PIL,Sardine,17,SAM      F is Fbar 2-6,STECF 13-19
1992,10702629,321258,40256,0.474,PIL,Sardine,17,SAM      F is Fbar 2-6,STECF 13-19
1993,10756276,297152,40243,0.475,PIL,Sardine,17,SAM      F is Fbar 2-6,STECF 13-19
1994,8957485,278452,36765,0.469,PIL,Sardine,17,SAM      F is Fbar 2-6,STECF 13-19
1995,7102803,236807,30047,0.464,PIL,Sardine,17,SAM      F is Fbar 2-6,STECF 13-19
1996,5531668,180954,34622,0.488,PIL,Sardine,17,SAM      F is Fbar 2-6,STECF 13-19
1997,3569728,131137,32391,0.527,PIL,Sardine,17,SAM      F is Fbar 2-6,STECF 13-19
1998,2383308,83533,30893,0.592,PIL,Sardine,17,SAM      F is Fbar 2-6,STECF 13-19
1999,2366683,62505,24029,0.642,PIL,Sardine,17,SAM      F is Fbar 2-6,STECF 13-19
2000,3035844,65775,21495,0.74,PIL,Sardine,17,SAM      F is Fbar 2-6,STECF 13-19
2001,3929411,75811,19941,0.875,PIL,Sardine,17,SAM      F is Fbar 2-6,STECF 13-19
2002,5178365,93060,22431,1.013,PIL,Sardine,17,SAM      F is Fbar 2-6,STECF 13-19
2003,6261936,109645,21333,0.875,PIL,Sardine,17,SAM      F is Fbar 2-6,STECF 13-19
2004,6205832,120211,23713,0.746,PIL,Sardine,17,SAM      F is Fbar 2-6,STECF 13-19
2005,5542743,125744,19866,0.673,PIL,Sardine,17,SAM      F is Fbar 2-6,STECF 13-19
2006,5060622,124742,20227,0.675,PIL,Sardine,17,SAM      F is Fbar 2-6,STECF 13-19
2007,5734436,123007,21015,0.669,PIL,Sardine,17,SAM      F is Fbar 2-6,STECF 13-19
2008,7534477,152360,26002,0.698,PIL,Sardine,17,SAM      F is Fbar 2-6,STECF 13-19
2009,8921726,171271,33256,0.86,PIL,Sardine,17,SAM      F is Fbar 2-6,STECF 13-19
2010,12019009,204025,32926,0.812,PIL,Sardine,17,SAM      F is Fbar 2-6,STECF 13-19
2011,13150890,205048,53611,0.887,PIL,Sardine,17,SAM      F is Fbar 2-6,STECF 13-19
2012,15157409,220577,57588,0.924,PIL,Sardine,17,SAM      F is Fbar 2-6,STECF 13-19
1950,1972,9965,3932,0.4774,TUR,Turbot,29,SAM     F is Fbar 4-8.,2013-10_STECF 13-20
1951,1903,9737,4741,0.5194,TUR,Turbot,29,SAM     F is Fbar 4-8.,2013-10_STECF 13-20
1952,1744,9053,5217,0.5716,TUR,Turbot,29,SAM     F is Fbar 4-8.,2013-10_STECF 13-20
1953,1905,8066,4985,0.6087,TUR,Turbot,29,SAM     F is Fbar 4-8.,2013-10_STECF 13-20
1954,2049,7121,4505,0.6577,TUR,Turbot,29,SAM     F is Fbar 4-8.,2013-10_STECF 13-20
1955,1982,6495,3678,0.6882,TUR,Turbot,29,SAM     F is Fbar 4-8.,2013-10_STECF 13-20
1956,1878,6217,3623,0.7308,TUR,Turbot,29,SAM     F is Fbar 4-8.,2013-10_STECF 13-20
1957,1858,6300,3017,0.6318,TUR,Turbot,29,SAM     F is Fbar 4-8.,2013-10_STECF 13-20
1958,1916,6257,4289,0.6838,TUR,Turbot,29,SAM     F is Fbar 4-8.,2013-10_STECF 13-20
1959,1776,6019,4653,0.7149,TUR,Turbot,29,SAM     F is Fbar 4-8.,2013-10_STECF 13-20
1960,1685,5944,2680,0.6426,TUR,Turbot,29,SAM     F is Fbar 4-8.,2013-10_STECF 13-20
1961,1636,6010,3058,0.6458,TUR,Turbot,29,SAM     F is Fbar 4-8.,2013-10_STECF 13-20
1962,1620,6014,2904,0.6451,TUR,Turbot,29,SAM     F is Fbar 4-8.,2013-10_STECF 13-20
1963,1730,5772,3812,0.7011,TUR,Turbot,29,SAM     F is Fbar 4-8.,2013-10_STECF 13-20
1964,1632,5486,3666,0.7053,TUR,Turbot,29,SAM     F is Fbar 4-8.,2013-10_STECF 13-20
1965,1909,5333,3063,0.6862,TUR,Turbot,29,SAM     F is Fbar 4-8.,2013-10_STECF 13-20
1966,1980,5414,3093,0.6886,TUR,Turbot,29,SAM     F is Fbar 4-8.,2013-10_STECF 13-20
1967,2031,5815,2709,0.5973,TUR,Turbot,29,SAM     F is Fbar 4-8.,2013-10_STECF 13-20
1968,1739,6548,2931,0.5084,TUR,Turbot,29,SAM     F is Fbar 4-8.,2013-10_STECF 13-20
1969,1386,7265,3076,0.4368,TUR,Turbot,29,SAM     F is Fbar 4-8.,2013-10_STECF 13-20
1970,1043,7374,5273,0.5088,TUR,Turbot,29,SAM     F is Fbar 4-8.,2013-10_STECF 13-20
1971,842,7125,3052,0.4201,TUR,Turbot,29,SAM     F is Fbar 4-8.,2013-10_STECF 13-20
1972,909,6682,3049,0.4272,TUR,Turbot,29,SAM     F is Fbar 4-8.,2013-10_STECF 13-20
1973,994,6041,3705,0.4597,TUR,Turbot,29,SAM     F is Fbar 4-8.,2013-10_STECF 13-20
1974,1333,5846,1696,0.3372,TUR,Turbot,29,SAM     F is Fbar 4-8.,2013-10_STECF 13-20
1975,1506,6456,1273,0.2587,TUR,Turbot,29,SAM     F is Fbar 4-8.,2013-10_STECF 13-20
1976,1636,7530,1584,0.2307,TUR,Turbot,29,SAM     F is Fbar 4-8.,2013-10_STECF 13-20
1977,1461,8833,2012,0.2312,TUR,Turbot,29,SAM     F is Fbar 4-8.,2013-10_STECF 13-20
1978,1230,10020,2160,0.2447,TUR,Turbot,29,SAM     F is Fbar 4-8.,2013-10_STECF 13-20
1979,798,10461,5447,0.3209,TUR,Turbot,29,SAM     F is Fbar 4-8.,2013-10_STECF 13-20
1980,445,10279,2843,0.277,TUR,Turbot,29,SAM     F is Fbar 4-8.,2013-10_STECF 13-20
1981,285,9676,3276,0.2909,TUR,Turbot,29,SAM     F is Fbar 4-8.,2013-10_STECF 13-20
1982,216,8381,4662,0.3617,TUR,Turbot,29,SAM     F is Fbar 4-8.,2013-10_STECF 13-20
1983,218,6542,5307,0.4958,TUR,Turbot,29,SAM     F is Fbar 4-8.,2013-10_STECF 13-20
1984,210,5049,2852,0.4474,TUR,Turbot,29,SAM     F is Fbar 4-8.,2013-10_STECF 13-20
1985,221,4398,527,0.2227,TUR,Turbot,29,SAM     F is Fbar 4-8.,2013-10_STECF 13-20
1986,245,4251,428,0.1398,TUR,Turbot,29,SAM     F is Fbar 4-8.,2013-10_STECF 13-20
1987,277,3913,849,0.195,TUR,Turbot,29,SAM     F is Fbar 4-8.,2013-10_STECF 13-20
1988,326,3226,1116,0.2848,TUR,Turbot,29,SAM     F is Fbar 4-8.,2013-10_STECF 13-20
1989,463,2589,1460,0.4292,TUR,Turbot,29,SAM     F is Fbar 4-8.,2013-10_STECF 13-20
1990,722,1979,1393,0.5228,TUR,Turbot,29,SAM     F is Fbar 4-8.,2013-10_STECF 13-20
1991,1102,1767,935,0.5071,TUR,Turbot,29,SAM     F is Fbar 4-8.,2013-10_STECF 13-20
1992,1354,2667,439,0.3485,TUR,Turbot,29,SAM     F is Fbar 4-8.,2013-10_STECF 13-20
1993,1341,2906,1603,0.3583,TUR,Turbot,29,SAM     F is Fbar 4-8.,2013-10_STECF 13-20
1994,1123,3432,2144,0.5772,TUR,Turbot,29,SAM     F is Fbar 4-8.,2013-10_STECF 13-20
1995,903,3750,2943,0.7108,TUR,Turbot,29,SAM     F is Fbar 4-8.,2013-10_STECF 13-20
1996,646,3498,2048,0.7449,TUR,Turbot,29,SAM     F is Fbar 4-8.,2013-10_STECF 13-20
1997,657,3380,1025,0.6587,TUR,Turbot,29,SAM     F is Fbar 4-8.,2013-10_STECF 13-20
1998,771,3532,1588,0.5773,TUR,Turbot,29,SAM     F is Fbar 4-8.,2013-10_STECF 13-20
1999,765,3279,1953,0.6111,TUR,Turbot,29,SAM     F is Fbar 4-8.,2013-10_STECF 13-20
2000,729,2523,2789,1.0395,TUR,Turbot,29,SAM     F is Fbar 4-8.,2013-10_STECF 13-20
2001,632,2357,2557,1.2456,TUR,Turbot,29,SAM     F is Fbar 4-8.,2013-10_STECF 13-20
2002,709,2521,1412,0.7595,TUR,Turbot,29,SAM     F is Fbar 4-8.,2013-10_STECF 13-20
2003,936,2495,943,0.6221,TUR,Turbot,29,SAM     F is Fbar 4-8.,2013-10_STECF 13-20
2004,1262,2715,989,0.618,TUR,Turbot,29,SAM     F is Fbar 4-8.,2013-10_STECF 13-20
2005,1309,2910,2039,0.8049,TUR,Turbot,29,SAM     F is Fbar 4-8.,2013-10_STECF 13-20
2006,1133,3446,2737,0.8608,TUR,Turbot,29,SAM     F is Fbar 4-8.,2013-10_STECF 13-20
2007,840,3418,2692,0.809,TUR,Turbot,29,SAM     F is Fbar 4-8.,2013-10_STECF 13-20
2008,590,3027,1901,0.9082,TUR,Turbot,29,SAM     F is Fbar 4-8.,2013-10_STECF 13-20
2009,422,2512,1541,0.7879,TUR,Turbot,29,SAM     F is Fbar 4-8.,2013-10_STECF 13-20
2010,358,1736,1321,0.7904,TUR,Turbot,29,SAM     F is Fbar 4-8.,2013-10_STECF 13-20
2011,353,1300,887,0.732,TUR,Turbot,29,SAM     F is Fbar 4-8.,2013-10_STECF 13-20
2012,325,1121,963,0.8546,TUR,Turbot,29,SAM     F is Fbar 4-8.,2013-10_STECF 13-20
2006,NA,NA,2284,NA,ANE,Anchovy,19,sep VPA,STECF 13-19
2007,NA,NA,831,NA,ANE,Anchovy,19,sep VPA,STECF 13-19
2008,NA,NA,560,NA,ANE,Anchovy,19,sep VPA,STECF 13-19
2009,NA,NA,731,NA,ANE,Anchovy,19,sep VPA,STECF 13-19
2010,NA,NA,1048,NA,ANE,Anchovy,19,sep VPA,STECF 13-19
2011,NA,NA,931,NA,ANE,Anchovy,19,sep VPA,STECF 13-19
2012,NA,NA,817,NA,ANE,Anchovy,19,sep VPA,STECF 13-19
2002,,,5458.4,NA,PIL,Sardine,1,sep VPA,STECF 13-19
2003,,,7894.7,NA,PIL,Sardine,1,sep VPA,STECF 13-19
2004,,,3863.2,NA,PIL,Sardine,1,sep VPA,STECF 13-19
2005,,,6922.7,NA,PIL,Sardine,1,sep VPA,STECF 13-19
2006,,,9162.3,NA,PIL,Sardine,1,sep VPA,STECF 13-19
2007,,,5254.1,NA,PIL,Sardine,1,sep VPA,STECF 13-19
2008,,,4466.3,NA,PIL,Sardine,1,sep VPA,STECF 13-19
2009,,,5988.9,NA,PIL,Sardine,1,sep VPA,STECF 13-19
2010,,,7253.8,NA,PIL,Sardine,1,sep VPA,STECF 13-19
2011,,,6345.7,NA,PIL,Sardine,1,sep VPA,STECF 13-19
2012,,,6222.9,NA,PIL,Sardine,1,sep VPA,STECF 13-19
2006,,,4344,NA,PIL,Sardine,9,sep VPA,STECF 13-19
2007,,,5112,NA,PIL,Sardine,9,sep VPA,STECF 13-19
2008,,,2288,NA,PIL,Sardine,9,sep VPA,STECF 13-19
2009,,,5674,NA,PIL,Sardine,9,sep VPA,STECF 13-19
2010,,,4476,NA,PIL,Sardine,9,sep VPA,STECF 13-19
2011,,,2572,NA,PIL,Sardine,9,sep VPA,STECF 13-19
2012,,,1734,NA,PIL,Sardine,9,sep VPA,STECF 13-19
1970,51153.8,38202.5,1611,0.107922,SOL,Solea,17,SS3,2013-11_STECF 13 -22
1971,50995.7,36397.3,1358,0.0971698,SOL,Solea,17,SS3,2013-11_STECF 13 -22
1972,50820.4,34573.4,1482,0.1143408,SOL,Solea,17,SS3,2013-11_STECF 13 -22
1973,50620.4,32691.4,1525,0.1271066,SOL,Solea,17,SS3,2013-11_STECF 13 -22
1974,50400.9,30833.1,1687,0.1505256,SOL,Solea,17,SS3,2013-11_STECF 13 -22
1975,50151.2,28944.4,1574,0.1487232,SOL,Solea,17,SS3,2013-11_STECF 13 -22
1976,49906,27286.9,1929,0.1933052,SOL,Solea,17,SS3,2013-11_STECF 13 -22
1977,49593.7,25412.4,2188,0.2375716,SOL,Solea,17,SS3,2013-11_STECF 13 -22
1978,49189.5,23309.3,1866,0.2133222,SOL,Solea,17,SS3,2013-11_STECF 13 -22
1979,48817.4,21635.1,2491,0.3191688,SOL,Solea,17,SS3,2013-11_STECF 13 -22
1980,48256.9,19486.2,1928,0.2594494,SOL,Solea,17,SS3,2013-11_STECF 13 -22
1981,47781.8,17942.7,968,0.1223944,SOL,Solea,17,SS3,2013-11_STECF 13 -22
1982,47709.2,17725.8,1046,0.1246344,SOL,Solea,17,SS3,2013-11_STECF 13 -22
1983,47754.4,17860.3,1425,0.1602448,SOL,Solea,17,SS3,2013-11_STECF 13 -22
1984,47707.6,17721,1221,0.130201,SOL,Solea,17,SS3,2013-11_STECF 13 -22
1985,47729.3,17785.5,1335,0.1387364,SOL,Solea,17,SS3,2013-11_STECF 13 -22
1986,47732.2,17794.1,1372,0.1407556,SOL,Solea,17,SS3,2013-11_STECF 13 -22
1987,47719.2,17755.5,2286,0.2534594,SOL,Solea,17,SS3,2013-11_STECF 13 -22
1988,47348.2,16711.5,1720,0.1985478,SOL,Solea,17,SS3,2013-11_STECF 13 -22
1989,47102.8,16078.2,1630,0.1939022,SOL,Solea,17,SS3,2013-11_STECF 13 -22
1990,46930.2,15656.9,1064,0.1233896,SOL,Solea,17,SS3,2013-11_STECF 13 -22
1991,34169.4,15917.1,1016,0.1128564,SOL,Solea,17,SS3,2013-11_STECF 13 -22
1992,29774.2,16336.1,1640,0.2167462,SOL,Solea,17,SS3,2013-11_STECF 13 -22
1993,28347.9,15512.3,1744,0.263892,SOL,Solea,17,SS3,2013-11_STECF 13 -22
1994,25721.6,14024.2,1982,0.369492,SOL,Solea,17,SS3,2013-11_STECF 13 -22
1995,21582.7,12078.1,1701,0.420075,SOL,Solea,17,SS3,2013-11_STECF 13 -22
1996,16215.7,10251.4,1053,0.3344044,SOL,Solea,17,SS3,2013-11_STECF 13 -22
1997,19100.7,9002.67,1079,0.497154,SOL,Solea,17,SS3,2013-11_STECF 13 -22
1998,22838,7709.51,1021,0.5150816,SOL,Solea,17,SS3,2013-11_STECF 13 -22
1999,24538.7,6636.88,1103,0.6045874,SOL,Solea,17,SS3,2013-11_STECF 13 -22
2000,34312.5,5738.53,1174,0.7298852,SOL,Solea,17,SS3,2013-11_STECF 13 -22
2001,38397.6,5025.85,1445,0.8091474,SOL,Solea,17,SS3,2013-11_STECF 13 -22
2002,51761.3,4490.81,1666,0.961565,SOL,Solea,17,SS3,2013-11_STECF 13 -22
2003,39587.6,4130.41,2286,1.2288078,SOL,Solea,17,SS3,2013-11_STECF 13 -22
2004,49631.5,3537.8,1722,0.9449054,SOL,Solea,17,SS3,2013-11_STECF 13 -22
2005,53198.2,3215.6,2273,1.225259,SOL,Solea,17,SS3,2013-11_STECF 13 -22
2006,38117.9,2778,2028,1.0174352,SOL,Solea,17,SS3,2013-11_STECF 13 -22
2007,33309.2,2514.27,1588,0.9762548,SOL,Solea,17,SS3,2013-11_STECF 13 -22
2008,38877.5,2306.16,1325,0.6360324,SOL,Solea,17,SS3,2013-11_STECF 13 -22
2009,43143.1,2297.7,1954,1.0718496,SOL,Solea,17,SS3,2013-11_STECF 13 -22
2010,35989,1960.17,1614,0.7638792,SOL,Solea,17,SS3,2013-11_STECF 13 -22
2011,40228.4,1924.06,1573,1.1392832,SOL,Solea,17,SS3,2013-11_STECF 13 -22
2012,44255,1900.33,1886,0.928744471,SOL,Solea,17,SS3,2013-11_STECF 13 -22
1970,1328760,62024.2,1723,0.034320667,MUT,Red mullet,17,SS3,STECF 13-19
1971,1326270,60210.9,1378,0.027807167,MUT,Red mullet,17,SS3,STECF 13-19
1972,1324350,58881.1,1141,0.023066833,MUT,Red mullet,17,SS3,STECF 13-19
1973,1322920,57932.7,2023,0.043544667,MUT,Red mullet,17,SS3,STECF 13-19
1974,1320170,56175,2905,0.065991833,MUT,Red mullet,17,SS3,STECF 13-19
1975,1315930,53652.7,1997,0.046200833,MUT,Red mullet,17,SS3,STECF 13-19
1976,1313520,52312.2,2114,0.050015,MUT,Red mullet,17,SS3,STECF 13-19
1977,1311120,51036.8,2264,0.054765,MUT,Red mullet,17,SS3,STECF 13-19
1978,1308640,49775.8,1576,0.037832833,MUT,Red mullet,17,SS3,STECF 13-19
1979,1307890,49405.3,2268,0.056035667,MUT,Red mullet,17,SS3,STECF 13-19
1980,1305810,48408.5,2089,0.0522425,MUT,Red mullet,17,SS3,STECF 13-19
1981,1304320,47715,1457,0.03587,MUT,Red mullet,17,SS3,STECF 13-19
1982,1304480,47791.5,2985,0.077001167,MUT,Red mullet,17,SS3,STECF 13-19
1983,1301130,46293.9,2050,0.053261,MUT,Red mullet,17,SS3,STECF 13-19
1984,1300190,45890.2,2391,0.063178,MUT,Red mullet,17,SS3,STECF 13-19
1985,1298540,45195.5,2695,0.072690833,MUT,Red mullet,17,SS3,STECF 13-19
1986,1296230,44251.7,2375,0.064741,MUT,Red mullet,17,SS3,STECF 13-19
1987,1294910,43732,3400,0.095922167,MUT,Red mullet,17,SS3,STECF 13-19
1988,1290840,42192.9,3820,0.112763,MUT,Red mullet,17,SS3,STECF 13-19
1989,1285510,40318.1,2325,0.069145333,MUT,Red mullet,17,SS3,STECF 13-19
1990,1285080,40172.9,3672,0.112254,MUT,Red mullet,17,SS3,STECF 13-19
1991,770165,38686.5,3397,0.109086333,MUT,Red mullet,17,SS3,STECF 13-19
1992,738656,35807.8,3945,0.137576167,MUT,Red mullet,17,SS3,STECF 13-19
1993,702706,32186.5,3588,0.142312667,MUT,Red mullet,17,SS3,STECF 13-19
1994,673235,28783.1,4032,0.192855,MUT,Red mullet,17,SS3,STECF 13-19
1995,642620,24931.6,2416,0.1341945,MUT,Red mullet,17,SS3,STECF 13-19
1996,623933,22903,4073,0.2543765,MUT,Red mullet,17,SS3,STECF 13-19
1997,621938,19285.2,3190,0.224521167,MUT,Red mullet,17,SS3,STECF 13-19
1998,700417,16873.7,3142,0.247430833,MUT,Red mullet,17,SS3,STECF 13-19
1999,874314,15064.5,3836,0.339962333,MUT,Red mullet,17,SS3,STECF 13-19
2000,454988,13462.7,3948,0.411486667,MUT,Red mullet,17,SS3,STECF 13-19
2001,651665,10503.8,3343,0.396921167,MUT,Red mullet,17,SS3,STECF 13-19
2002,641906,9014.72,2748,0.376892833,MUT,Red mullet,17,SS3,STECF 13-19
2003,1036460,8284.89,2721,0.369820167,MUT,Red mullet,17,SS3,STECF 13-19
2004,1076120,9145.76,3901,0.530526,MUT,Red mullet,17,SS3,STECF 13-19
2005,1324460,9175.85,5571,0.775895667,MUT,Red mullet,17,SS3,STECF 13-19
2006,1452840,8679.67,4920,0.695226667,MUT,Red mullet,17,SS3,STECF 13-19
2007,1147290,9441.3,5332,0.738900167,MUT,Red mullet,17,SS3,STECF 13-19
2008,975646,8669.44,5017,0.741514167,MUT,Red mullet,17,SS3,STECF 13-19
2009,784138,7477.61,4106,0.703619,MUT,Red mullet,17,SS3,STECF 13-19
2010,976314,6414.06,2771,0.48649,MUT,Red mullet,17,SS3,STECF 13-19
2011,1149300,7346.02,3768,0.625529833,MUT,Red mullet,17,SS3,STECF 13-19
2012,932705,7957.67,3466,0.547825173,MUT,Red mullet,17,SS3,STECF 13-19
2007,NA,NA,20.77,NA,GFB,Greater forkbeard,9,SURBA,2013-04_STECF 13-05
2008,NA,NA,36.52,NA,GFB,Greater forkbeard,9,SURBA,2013-04_STECF 13-05
2009,NA,NA,39.27,NA,GFB,Greater forkbeard,9,SURBA,2013-04_STECF 13-05
2010,NA,NA,46.52,NA,GFB,Greater forkbeard,9,SURBA,2013-04_STECF 13-05
2011,NA,NA,40.86,NA,GFB,Greater forkbeard,9,SURBA,2013-04_STECF 13-05
2005,NA,NA,169,NA,ANK,Black-bellied anglerfish,7,VIT,2012-11_STECF 12-19
2006,NA,NA,266,NA,ANK,Black-bellied anglerfish,7,VIT,2012-11_STECF 12-19
2007,NA,NA,192,NA,ANK,Black-bellied anglerfish,7,VIT,2012-11_STECF 12-19
2008,NA,NA,182,NA,ANK,Black-bellied anglerfish,7,VIT,2012-11_STECF 12-19
2009,NA,NA,355,NA,ANK,Black-bellied anglerfish,7,VIT,2012-11_STECF 12-19
2010,NA,NA,497,NA,ANK,Black-bellied anglerfish,7,VIT,2012-11_STECF 12-19
2011,NA,NA,355,NA,ANK,Black-bellied anglerfish,7,VIT,2012-11_STECF 12-19
2009,NA,NA,116.8,NA,WHB,Blue whiting,9,VIT,2012-11_STECF 12-19
2010,NA,NA,111.3,NA,WHB,Blue whiting,9,VIT,2012-11_STECF 12-19
2011,NA,NA,119.1,NA,WHB,Blue whiting,9,VIT,2012-11_STECF 12-19
2004,NA,NA,225.81,NA,POD,Poor cod,9,VIT,2012-11_STECF 12-19
2005,NA,NA,192.98,NA,POD,Poor cod,9,VIT,2012-11_STECF 12-19
2006,NA,NA,98.76,NA,POD,Poor cod,9,VIT,2012-11_STECF 12-19
2007,NA,NA,93.09,NA,POD,Poor cod,9,VIT,2012-11_STECF 12-19
2008,NA,NA,96.95,NA,POD,Poor cod,9,VIT,2012-11_STECF 12-19
2009,NA,NA,120.48,NA,POD,Poor cod,9,VIT,2012-11_STECF 12-19
2010,NA,NA,90.95,NA,POD,Poor cod,9,VIT,2012-11_STECF 12-19
2011,3000,163,104.7,0.9,POD,Poor cod,9,VIT,2012-11_STECF 12-19
2007,NA,NA,,NA,MTS,Spottail mantis shrimp,17,VIT,2012-11_STECF 12-19
2008,NA,NA,,NA,MTS,Spottail mantis shrimp,17,VIT,2012-11_STECF 12-19
2009,NA,NA,,NA,MTS,Spottail mantis shrimp,17,VIT,2012-11_STECF 12-19
2010,NA,NA,,NA,MTS,Spottail mantis shrimp,17,VIT,2012-11_STECF 12-19
2011,527000,2610,,1,MTS,Spottail mantis shrimp,17,VIT,2012-11_STECF 12-19
2004,NA,NA,89,NA,ARS,Giant red shrimp,18,VIT,2013-04_STECF 13-05
2005,NA,NA,72,NA,ARS,Giant red shrimp,18,VIT,2013-04_STECF 13-05
2006,NA,NA,166,NA,ARS,Giant red shrimp,18,VIT,2013-04_STECF 13-05
2007,NA,NA,115,NA,ARS,Giant red shrimp,18,VIT,2013-04_STECF 13-05
2008,NA,NA,96,NA,ARS,Giant red shrimp,18,VIT,2013-04_STECF 13-05
2009,NA,NA,88,NA,ARS,Giant red shrimp,18,VIT,2013-04_STECF 13-05
2010,NA,NA,127,NA,ARS,Giant red shrimp,18,VIT,2013-04_STECF 13-05
2011,NA,NA,75,NA,ARS,Giant red shrimp,18,VIT,2013-04_STECF 13-05
1989,NA,NA,6159,NA,DGS,Piked dogfish,29,VIT,2013-10_STECF 13-20
1990,NA,NA,2761,NA,DGS,Piked dogfish,29,VIT,2013-10_STECF 13-20
1991,NA,NA,2924,NA,DGS,Piked dogfish,29,VIT,2013-10_STECF 13-20
1992,NA,NA,2911,NA,DGS,Piked dogfish,29,VIT,2013-10_STECF 13-20
1993,NA,NA,1618,NA,DGS,Piked dogfish,29,VIT,2013-10_STECF 13-20
1994,NA,NA,2650,NA,DGS,Piked dogfish,29,VIT,2013-10_STECF 13-20
1995,NA,NA,1837,NA,DGS,Piked dogfish,29,VIT,2013-10_STECF 13-20
1996,NA,NA,1951,NA,DGS,Piked dogfish,29,VIT,2013-10_STECF 13-20
1997,NA,NA,1585,NA,DGS,Piked dogfish,29,VIT,2013-10_STECF 13-20
1998,NA,NA,1482,NA,DGS,Piked dogfish,29,VIT,2013-10_STECF 13-20
1999,NA,NA,1629,NA,DGS,Piked dogfish,29,VIT,2013-10_STECF 13-20
2000,NA,NA,2601,NA,DGS,Piked dogfish,29,VIT,2013-10_STECF 13-20
2001,NA,NA,895,NA,DGS,Piked dogfish,29,VIT,2013-10_STECF 13-20
2002,NA,NA,602,NA,DGS,Piked dogfish,29,VIT,2013-10_STECF 13-20
2003,NA,NA,481.3,NA,DGS,Piked dogfish,29,VIT,2013-10_STECF 13-20
2004,NA,NA,421.2,NA,DGS,Piked dogfish,29,VIT,2013-10_STECF 13-20
2005,NA,NA,250.5,NA,DGS,Piked dogfish,29,VIT,2013-10_STECF 13-20
2006,NA,NA,302.2,NA,DGS,Piked dogfish,29,VIT,2013-10_STECF 13-20
2007,NA,NA,211,NA,DGS,Piked dogfish,29,VIT,2013-10_STECF 13-20
2008,NA,NA,206.2,NA,DGS,Piked dogfish,29,VIT,2013-10_STECF 13-20
2009,NA,NA,235,NA,DGS,Piked dogfish,29,VIT,2013-10_STECF 13-20
2010,NA,NA,98,NA,DGS,Piked dogfish,29,VIT,2013-10_STECF 13-20
2011,NA,NA,104.2,NA,DGS,Piked dogfish,29,VIT,2013-10_STECF 13-20
2012,NA,NA,70.3,NA,DGS,Piked dogfish,29,VIT,2013-10_STECF 13-20
2009,NA,NA,42.18,NA,ARA,Blue and red shrimp,15-16,VIT,2013-11_STECF 13 -22
2010,NA,NA,55.94,NA,ARA,Blue and red shrimp,15-16,VIT,2013-11_STECF 13 -22
2011,NA,NA,62.09,NA,ARA,Blue and red shrimp,15-16,VIT,2013-11_STECF 13 -22
2012,NA,NA,94,NA,ARA,Blue and red shrimp,15-16,VIT,2013-11_STECF 13 -22
2004,,,514,,MUT,Red mullet,10,VIT,2012-04_STECF 12-03
2005,,,401,,MUT,Red mullet,10,VIT,2012-04_STECF 12-03
2006,,,415,1.3,MUT,Red mullet,10,VIT,2012-04_STECF 12-03
2007,,,604,0.76,MUT,Red mullet,10,VIT,2012-04_STECF 12-03
2008,,,298,1.38,MUT,Red mullet,10,VIT,2012-04_STECF 12-03
2009,,,248,0.98,MUT,Red mullet,10,VIT,2012-04_STECF 12-03
2010,,,84,1.01,MUT,Red mullet,10,VIT,2012-04_STECF 12-03
2002,NA,NA,353.01,NA,ANK,Black-bellied anglerfish,6,VIT,2012-11_STECF 12-19
2003,NA,NA,442.12,NA,ANK,Black-bellied anglerfish,6,VIT,2012-11_STECF 12-19
2004,NA,NA,421.93,NA,ANK,Black-bellied anglerfish,6,VIT,2012-11_STECF 12-19
2005,NA,NA,525.18,NA,ANK,Black-bellied anglerfish,6,VIT,2012-11_STECF 12-19
2006,NA,NA,647.57,NA,ANK,Black-bellied anglerfish,6,VIT,2012-11_STECF 12-19
2007,NA,NA,617.83,NA,ANK,Black-bellied anglerfish,6,VIT,2012-11_STECF 12-19
2008,NA,NA,523.18,NA,ANK,Black-bellied anglerfish,6,VIT,2012-11_STECF 12-19
2009,3890,235,562.5,0.88,ANK,Black-bellied anglerfish,6,VIT,2012-11_STECF 12-19
2010,4830,324,747.42,0.81,ANK,Black-bellied anglerfish,6,VIT,2012-11_STECF 12-19
2011,3890,540,1211.99,0.72,ANK,Black-bellied anglerfish,6,VIT,2012-11_STECF 12-19
2007,NA,NA,,,MTS,Spottail mantis shrimp,18,VIT,2012-11_STECF 12-19
2008,NA,NA,,,MTS,Spottail mantis shrimp,18,VIT,2012-11_STECF 12-19
2009,NA,NA,,,MTS,Spottail mantis shrimp,18,VIT,2012-11_STECF 12-19
2010,NA,NA,,,MTS,Spottail mantis shrimp,18,VIT,2012-11_STECF 12-19
2011,47000,190,,1.04,MTS,Spottail mantis shrimp,18,VIT,2012-11_STECF 12-19
2006,,,51.6,,ARA,Blue and red shrimp,10,VIT,2013-04_STECF 13-05
2007,,,39.5,,ARA,Blue and red shrimp,10,VIT,2013-04_STECF 13-05
2008,,,23,,ARA,Blue and red shrimp,10,VIT,2013-04_STECF 13-05
2009,,,27.4,,ARA,Blue and red shrimp,10,VIT,2013-04_STECF 13-05
2010,,,20.1,,ARA,Blue and red shrimp,10,VIT,2013-04_STECF 13-05
2011,,,48.5,,ARA,Blue and red shrimp,10,VIT,2013-04_STECF 13-05
2007,2899792,5679,6383,1,DPS,Deepwater pink shrimp,12_16,VIT,10-12_SGMED 10-03
2008,2415346,4673,6955,1.02,DPS,Deepwater pink shrimp,12_16,VIT,10-12_SGMED 10-03
2009,2983713,4630,8806,1.38,DPS,Deepwater pink shrimp,12_16,VIT,10-12_SGMED 10-03
2005,,,43,,MUT,Red mullet,25,VIT      F is Fbar 1-3.,10-05_SG-MED 10-02
2006,,,34,,MUT,Red mullet,25,VIT      F is Fbar 1-3.,10-05_SG-MED 10-02
2007,,,48,,MUT,Red mullet,25,VIT      F is Fbar 1-3.,10-05_SG-MED 10-02
2008,1482.146,58.16,33,0.84,MUT,Red mullet,25,VIT      F is Fbar 1-3.,10-05_SG-MED 10-02
2005,,,1796,,HKE,Hake,15-16,VIT      F is Fbar 1-3.,10-12_SGMED 10-03
2006,,,1633,1.19,HKE,Hake,15-16,VIT      F is Fbar 1-3.,10-12_SGMED 10-03
2007,,,1726,1.15,HKE,Hake,15-16,VIT      F is Fbar 1-3.,10-12_SGMED 10-03
2008,,,1397,1.26,HKE,Hake,15-16,VIT      F is Fbar 1-3.,10-12_SGMED 10-03
2009,,,1592,1.12,HKE,Hake,15-16,VIT      F is Fbar 1-3.,10-12_SGMED 10-03
2011,NA,NA,387.18,1.08,MTS,Spottail mantis shrimp,10,VIT      F is Fbar 1-3.,2012-11_STECF 12-19
2009,NA,NA,43,0.92,DPS,Deepwater pink shrimp,11,VIT      F is Fbar 1-3.,2012-11_STECF 12-19
2010,NA,NA,55,0.65,DPS,Deepwater pink shrimp,11,VIT      F is Fbar 1-3.,2012-11_STECF 12-19
2011,NA,NA,71,0.69,DPS,Deepwater pink shrimp,11,VIT      F is Fbar 1-3.,2012-11_STECF 12-19
2006,NA,NA,307.22,NA,ANK,Black-bellied anglerfish,15-16,VIT      F is Fbar 1-7.,2012-11_STECF 12-19
2007,NA,NA,404.39,NA,ANK,Black-bellied anglerfish,15-16,VIT      F is Fbar 1-7.,2012-11_STECF 12-19
2008,NA,NA,304.96,NA,ANK,Black-bellied anglerfish,15-16,VIT      F is Fbar 1-7.,2012-11_STECF 12-19
2009,1119.679,977.9,249.96,0.254,ANK,Black-bellied anglerfish,15-16,VIT      F is Fbar 1-7.,2012-11_STECF 12-19
2010,1095.984,536.1,285.79,0.351,ANK,Black-bellied anglerfish,15-16,VIT      F is Fbar 1-7.,2012-11_STECF 12-19
2011,NA,NA,278.98,NA,ANK,Black-bellied anglerfish,15-16,VIT      F is Fbar 1-7.,2012-11_STECF 12-19
2007,NA,NA,1300,,NEP,Norway lobster,18,VIT      F is Fbar 1-7.,2012-11_STECF 12-19
2008,NA,NA,1003,,NEP,Norway lobster,18,VIT      F is Fbar 1-7.,2012-11_STECF 12-19
2009,NA,NA,1087,,NEP,Norway lobster,18,VIT      F is Fbar 1-7.,2012-11_STECF 12-19
2010,NA,NA,1018,0.47,NEP,Norway lobster,18,VIT      F is Fbar 1-7.,2012-11_STECF 12-19
2011,NA,NA,865,0.54,NEP,Norway lobster,18,VIT      F is Fbar 1-7.,2012-11_STECF 12-19
2002,NA,NA,168.27,NA,NEP,Norway lobster,1,VIT      F is Fbar 3-7.,2013-04_STECF 13-05
2003,NA,NA,158.33,NA,NEP,Norway lobster,1,VIT      F is Fbar 3-7.,2013-04_STECF 13-05
2004,NA,NA,121.68,NA,NEP,Norway lobster,1,VIT      F is Fbar 3-7.,2013-04_STECF 13-05
2005,NA,NA,65.68,NA,NEP,Norway lobster,1,VIT      F is Fbar 3-7.,2013-04_STECF 13-05
2006,NA,NA,59.24,NA,NEP,Norway lobster,1,VIT      F is Fbar 3-7.,2013-04_STECF 13-05
2007,NA,NA,61.52,NA,NEP,Norway lobster,1,VIT      F is Fbar 3-7.,2013-04_STECF 13-05
2008,NA,NA,80.6,NA,NEP,Norway lobster,1,VIT      F is Fbar 3-7.,2013-04_STECF 13-05
2009,8498.2,247.2,93.14,0.31,NEP,Norway lobster,1,VIT      F is Fbar 3-7.,2013-04_STECF 13-05
2010,7087.7,192.6,77.4,0.33,NEP,Norway lobster,1,VIT      F is Fbar 3-7.,2013-04_STECF 13-05
2011,6833.1,186,74.62,0.33,NEP,Norway lobster,1,VIT      F is Fbar 3-7.,2013-04_STECF 13-05
2002,NA,NA,187.48,NA,NEP,Norway lobster,6,VIT      F is Fbar 3-7.,2013-04_STECF 13-05
2003,NA,NA,381.79,NA,NEP,Norway lobster,6,VIT      F is Fbar 3-7.,2013-04_STECF 13-05
2004,NA,NA,370.83,NA,NEP,Norway lobster,6,VIT      F is Fbar 3-7.,2013-04_STECF 13-05
2005,NA,NA,189.42,NA,NEP,Norway lobster,6,VIT      F is Fbar 3-7.,2013-04_STECF 13-05
2006,NA,NA,256.79,NA,NEP,Norway lobster,6,VIT      F is Fbar 3-7.,2013-04_STECF 13-05
2007,NA,NA,224.98,NA,NEP,Norway lobster,6,VIT      F is Fbar 3-7.,2013-04_STECF 13-05
2008,NA,NA,313.99,NA,NEP,Norway lobster,6,VIT      F is Fbar 3-7.,2013-04_STECF 13-05
2009,43171,278.5,355.51,0.75,NEP,Norway lobster,6,VIT      F is Fbar 3-7.,2013-04_STECF 13-05
2010,50450,281,406.36,0.75,NEP,Norway lobster,6,VIT      F is Fbar 3-7.,2013-04_STECF 13-05
2011,59653,476,496.76,0.75,NEP,Norway lobster,6,VIT      F is Fbar 3-7.,2013-04_STECF 13-05
1980,NA,NA,11278,NA,WHG,Whiting,29,"XSA      Fbar is 2-4,",2013-10_STECF 13-20
1981,NA,NA,9885,NA,WHG,Whiting,29,"XSA      Fbar is 2-4,",2013-10_STECF 13-20
1982,NA,NA,7406,NA,WHG,Whiting,29,"XSA      Fbar is 2-4,",2013-10_STECF 13-20
1983,NA,NA,15974,NA,WHG,Whiting,29,"XSA      Fbar is 2-4,",2013-10_STECF 13-20
1984,NA,NA,19777,NA,WHG,Whiting,29,"XSA      Fbar is 2-4,",2013-10_STECF 13-20
1985,NA,NA,22930,NA,WHG,Whiting,29,"XSA      Fbar is 2-4,",2013-10_STECF 13-20
1986,NA,NA,24206,NA,WHG,Whiting,29,"XSA      Fbar is 2-4,",2013-10_STECF 13-20
1987,NA,NA,31061,NA,WHG,Whiting,29,"XSA      Fbar is 2-4,",2013-10_STECF 13-20
1988,NA,NA,33718,NA,WHG,Whiting,29,"XSA      Fbar is 2-4,",2013-10_STECF 13-20
1989,NA,NA,22618,NA,WHG,Whiting,29,"XSA      Fbar is 2-4,",2013-10_STECF 13-20
1990,NA,NA,19234,NA,WHG,Whiting,29,"XSA      Fbar is 2-4,",2013-10_STECF 13-20
1991,NA,NA,19249,NA,WHG,Whiting,29,"XSA      Fbar is 2-4,",2013-10_STECF 13-20
1992,NA,NA,19387,NA,WHG,Whiting,29,"XSA      Fbar is 2-4,",2013-10_STECF 13-20
1993,NA,NA,18635,NA,WHG,Whiting,29,"XSA      Fbar is 2-4,",2013-10_STECF 13-20
1994,NA,19531.74545,15892,0.82275634,WHG,Whiting,29,"XSA      Fbar is 2-4,",2013-10_STECF 13-20
1995,NA,14342.59887,18143,1.159795903,WHG,Whiting,29,"XSA      Fbar is 2-4,",2013-10_STECF 13-20
1996,NA,19732.1591,20952,2.707325864,WHG,Whiting,29,"XSA      Fbar is 2-4,",2013-10_STECF 13-20
1997,NA,19695.38017,13263,0.440040181,WHG,Whiting,29,"XSA      Fbar is 2-4,",2013-10_STECF 13-20
1998,NA,23790.04506,12730,0.647547497,WHG,Whiting,29,"XSA      Fbar is 2-4,",2013-10_STECF 13-20
1999,NA,26963.65711,12974.4,0.469556702,WHG,Whiting,29,"XSA      Fbar is 2-4,",2013-10_STECF 13-20
2000,NA,32969.0936,16024.5,0.375475548,WHG,Whiting,29,"XSA      Fbar is 2-4,",2013-10_STECF 13-20
2001,NA,26438.26509,8787,0.232440295,WHG,Whiting,29,"XSA      Fbar is 2-4,",2013-10_STECF 13-20
2002,NA,24514.42793,8578,0.526530698,WHG,Whiting,29,"XSA      Fbar is 2-4,",2013-10_STECF 13-20
2003,NA,19891.6597,7347.4,0.766733305,WHG,Whiting,29,"XSA      Fbar is 2-4,",2013-10_STECF 13-20
2004,NA,22772.93855,7489.6,0.381353573,WHG,Whiting,29,"XSA      Fbar is 2-4,",2013-10_STECF 13-20
2005,NA,19192.26124,6871.3,0.148634238,WHG,Whiting,29,"XSA      Fbar is 2-4,",2013-10_STECF 13-20
2006,NA,23226.64016,8007.7,0.292791728,WHG,Whiting,29,"XSA      Fbar is 2-4,",2013-10_STECF 13-20
2007,NA,23588.38967,11392.2,0.473717864,WHG,Whiting,29,"XSA      Fbar is 2-4,",2013-10_STECF 13-20
2008,NA,25775.54089,11161.6,0.547335256,WHG,Whiting,29,"XSA      Fbar is 2-4,",2013-10_STECF 13-20
2009,NA,32571.95438,9104.8,0.729333419,WHG,Whiting,29,"XSA      Fbar is 2-4,",2013-10_STECF 13-20
2010,NA,35933.9629,11987.3,1.02154519,WHG,Whiting,29,"XSA      Fbar is 2-4,",2013-10_STECF 13-20
2011,NA,23774.79067,8222,0.911003031,WHG,Whiting,29,"XSA      Fbar is 2-4,",2013-10_STECF 13-20
2012,NA,13132.49506,6332,0.845655324,WHG,Whiting,29,"XSA      Fbar is 2-4,",2013-10_STECF 13-20
2004,22753.55582,202.8120335,176.9,1.148455696,MUT,Red mullet,7,XSA,2012-11_STECF 12-19
2005,21096.17457,236.1138023,175.7,2.046242462,MUT,Red mullet,7,XSA,2012-11_STECF 12-19
2006,27621.47727,239.4935382,216.2,1.969757789,MUT,Red mullet,7,XSA,2012-11_STECF 12-19
2007,19144.39658,265.2936664,208.7,1.859423358,MUT,Red mullet,7,XSA,2012-11_STECF 12-19
2008,14487.15016,221.7582309,132.6,1.69602037,MUT,Red mullet,7,XSA,2012-11_STECF 12-19
2009,23540.61788,229.013756,145.8,1.024563604,MUT,Red mullet,7,XSA,2012-11_STECF 12-19
2010,34493.38354,306.6886784,244.1,1.334024502,MUT,Red mullet,7,XSA,2012-11_STECF 12-19
2011,21074.06221,380.8377761,228.4,1.424550808,MUT,Red mullet,7,XSA,2012-11_STECF 12-19
1998,71290.19524,1385.892877,2429,1.128970609,HKE,Hake,7,XSA,2013-11_STECF 13 -22
1999,44883.61413,1778.365061,2413,1.117431755,HKE,Hake,7,XSA,2013-11_STECF 13 -22
2000,52462.61931,1699.642551,2298,1.139781269,HKE,Hake,7,XSA,2013-11_STECF 13 -22
2001,75811.88906,1733.491688,2694,1.415194951,HKE,Hake,7,XSA,2013-11_STECF 13 -22
2002,75493.32353,1463.179315,2727,1.424209218,HKE,Hake,7,XSA,2013-11_STECF 13 -22
2003,34139.45408,1554.550323,2590,1.780819389,HKE,Hake,7,XSA,2013-11_STECF 13 -22
2004,35697.96256,868.924208,1301,1.179882335,HKE,Hake,7,XSA,2013-11_STECF 13 -22
2005,31664.47666,1048.618296,1483,1.117234447,HKE,Hake,7,XSA,2013-11_STECF 13 -22
2006,31736.65551,1174.051379,1599,1.173481383,HKE,Hake,7,XSA,2013-11_STECF 13 -22
2007,71105.02415,1163.227839,1700,1.40796218,HKE,Hake,7,XSA,2013-11_STECF 13 -22
2008,50419.29848,1148.416765,2298,1.361707218,HKE,Hake,7,XSA,2013-11_STECF 13 -22
2009,42460.62072,1457.572449,2260,1.647478714,HKE,Hake,7,XSA,2013-11_STECF 13 -22
2010,34101.98901,1078.857724,1983,1.879190591,HKE,Hake,7,XSA,2013-11_STECF 13 -22
2011,29511.58468,762.5984601,1362,1.763002795,HKE,Hake,7,XSA,2013-11_STECF 13 -22
2012,19658.73235,542.6713488,1114,1.839090422,HKE,Hake,7,XSA,2013-11_STECF 13 -22
2005,43433.94746,155.3320526,288,0.948657703,MUT,Red mullet,11,XSA,STECF 13-19
2006,48134.7698,191.1220936,284,0.999306402,MUT,Red mullet,11,XSA,STECF 13-19
2007,40286.02288,188.5422985,394,1.467099891,MUT,Red mullet,11,XSA,STECF 13-19
2008,69385.4581,160.2914823,283,0.831502272,MUT,Red mullet,11,XSA,STECF 13-19
2009,24245.45338,202.7366001,239,0.849595558,MUT,Red mullet,11,XSA,STECF 13-19
2010,25626.58877,166.0081034,267,1.129011349,MUT,Red mullet,11,XSA,STECF 13-19
2011,33509.78792,120.2127065,230,1.046957312,MUT,Red mullet,11,XSA,STECF 13-19
2012,26578.58785,94.40331796,136,1.04949408,MUT,Red mullet,11,XSA,STECF 13-19
2002,9269.46,38.01,36.189,0.85,DPS,Deepwater pink shrimp,5,XSA       F is Fbar 0-2,2013-11_STECF 13 -22
2003,2737.3,22.3,22.128,1.53,DPS,Deepwater pink shrimp,5,XSA       F is Fbar 0-2,2013-11_STECF 13 -22
2004,918.67,7.52,6.372,0.82,DPS,Deepwater pink shrimp,5,XSA       F is Fbar 0-2,2013-11_STECF 13 -22
2005,278.14,3.83,1.645,0.4,DPS,Deepwater pink shrimp,5,XSA       F is Fbar 0-2,2013-11_STECF 13 -22
2006,398.95,2.91,0.911,0.44,DPS,Deepwater pink shrimp,5,XSA       F is Fbar 0-2,2013-11_STECF 13 -22
2007,1320.34,2.43,0.728,0.38,DPS,Deepwater pink shrimp,5,XSA       F is Fbar 0-2,2013-11_STECF 13 -22
2008,2002.33,4.92,2.718,0.58,DPS,Deepwater pink shrimp,5,XSA       F is Fbar 0-2,2013-11_STECF 13 -22
2009,2139.26,8.05,5.11,0.91,DPS,Deepwater pink shrimp,5,XSA       F is Fbar 0-2,2013-11_STECF 13 -22
2010,1934.38,8.05,6.253,0.79,DPS,Deepwater pink shrimp,5,XSA       F is Fbar 0-2,2013-11_STECF 13 -22
2011,1686.49,5.72,4.544,0.85,DPS,Deepwater pink shrimp,5,XSA       F is Fbar 0-2,2013-11_STECF 13 -22
2012,3493.04,6.85,4.17,0.68,DPS,Deepwater pink shrimp,5,XSA       F is Fbar 0-2,2013-11_STECF 13 -22
2006,312192,1754,1087.7,2.34,DPS,Deepwater pink shrimp,10,XSA       F is Fbar 0-2,2013-11_STECF 13 -22
2007,321786,913,534.3,2.04,DPS,Deepwater pink shrimp,10,XSA       F is Fbar 0-2,2013-11_STECF 13 -22
2008,229317,873,400.2,1.58,DPS,Deepwater pink shrimp,10,XSA       F is Fbar 0-2,2013-11_STECF 13 -22
2009,193669,817,378.9,1.37,DPS,Deepwater pink shrimp,10,XSA       F is Fbar 0-2,2013-11_STECF 13 -22
2010,187739,767,369.7,1.27,DPS,Deepwater pink shrimp,10,XSA       F is Fbar 0-2,2013-11_STECF 13 -22
2011,242302,866,395.6,1.57,DPS,Deepwater pink shrimp,10,XSA       F is Fbar 0-2,2013-11_STECF 13 -22
2012,557622,1532,458.6,1.24,DPS,Deepwater pink shrimp,10,XSA       F is Fbar 0-2,2013-11_STECF 13 -22
2006,392382,2142,1245,2.81,DPS,Deepwater pink shrimp,19,XSA       F is Fbar 0-2,2013-11_STECF 13 -22
2007,380335,1371,608,1.64,DPS,Deepwater pink shrimp,19,XSA       F is Fbar 0-2,2013-11_STECF 13 -22
2008,421858,1601,785,1.85,DPS,Deepwater pink shrimp,19,XSA       F is Fbar 0-2,2013-11_STECF 13 -22
2009,459200,1444,767,1.43,DPS,Deepwater pink shrimp,19,XSA       F is Fbar 0-2,2013-11_STECF 13 -22
2010,322867,1325,716,1.6,DPS,Deepwater pink shrimp,19,XSA       F is Fbar 0-2,2013-11_STECF 13 -22
2011,278638,984,593,1.96,DPS,Deepwater pink shrimp,19,XSA       F is Fbar 0-2,2013-11_STECF 13 -22
2012,287445,1006,488,1.6,DPS,Deepwater pink shrimp,19,XSA       F is Fbar 0-2,2013-11_STECF 13 -22
2000,8115.88,185.09,106.5,0.52,MUR,Striped red mullet,5,XSA       F is Fbar 0-2,STECF 13-19
2001,7562.315,203.94,144.4,0.678,MUR,Striped red mullet,5,XSA       F is Fbar 0-2,STECF 13-19
2002,6352.529,184.74,131,0.643,MUR,Striped red mullet,5,XSA       F is Fbar 0-2,STECF 13-19
2003,7120.924,169.22,101.6,0.522,MUR,Striped red mullet,5,XSA       F is Fbar 0-2,STECF 13-19
2004,6254.091,179.38,100.5,0.432,MUR,Striped red mullet,5,XSA       F is Fbar 0-2,STECF 13-19
2005,7135.326,198.95,122.5,0.512,MUR,Striped red mullet,5,XSA       F is Fbar 0-2,STECF 13-19
2006,7356.957,194.09,112.9,0.443,MUR,Striped red mullet,5,XSA       F is Fbar 0-2,STECF 13-19
2007,6065.275,202.51,135.5,0.632,MUR,Striped red mullet,5,XSA       F is Fbar 0-2,STECF 13-19
2008,6043.889,172.55,101.8,0.495,MUR,Striped red mullet,5,XSA       F is Fbar 0-2,STECF 13-19
2009,5994.715,164.27,89.8,0.426,MUR,Striped red mullet,5,XSA       F is Fbar 0-2,STECF 13-19
2010,4974.623,175.36,110.6,0.537,MUR,Striped red mullet,5,XSA       F is Fbar 0-2,STECF 13-19
2011,4584.592,157.23,107.4,0.611,MUR,Striped red mullet,5,XSA       F is Fbar 0-2,STECF 13-19
2012,2237.726,116.14,67.3,0.477,MUR,Striped red mullet,5,XSA       F is Fbar 0-2,STECF 13-19
2002,167283,1921.8,1159,2.0319,MUT,Red mullet,6,XSA       F is Fbar 0-2,STECF 13-19
2003,91092,1744.7,1004,2.2773,MUT,Red mullet,6,XSA       F is Fbar 0-2,STECF 13-19
2004,104352,1795.7,985,1.8227,MUT,Red mullet,6,XSA       F is Fbar 0-2,STECF 13-19
2005,130893,2309.8,1055,1.9551,MUT,Red mullet,6,XSA       F is Fbar 0-2,STECF 13-19
2006,145247,2973.5,1477,1.8582,MUT,Red mullet,6,XSA       F is Fbar 0-2,STECF 13-19
2007,120037,2720.7,1384,1.3262,MUT,Red mullet,6,XSA       F is Fbar 0-2,STECF 13-19
2008,93950,1849.7,1145,1.4643,MUT,Red mullet,6,XSA       F is Fbar 0-2,STECF 13-19
2009,79830,2008,1011,1.6281,MUT,Red mullet,6,XSA       F is Fbar 0-2,STECF 13-19
2010,79781,2030,1032,1.617,MUT,Red mullet,6,XSA       F is Fbar 0-2,STECF 13-19
2011,80231,1971.7,1063.1,1.5523,MUT,Red mullet,6,XSA       F is Fbar 0-2,STECF 13-19
2012,75635,1972.7,1069.9,1.8992,MUT,Red mullet,6,XSA       F is Fbar 0-2,STECF 13-19
2002,1977917,29416,14338,1.393,ANE,Anchovy,6,XSA       F is Fbar 0-2,10-05_SG-MED 10-02
2003,1730245,22806,8538,1.155,ANE,Anchovy,6,XSA       F is Fbar 0-2,10-05_SG-MED 10-02
2004,1066728,17290,8097,0.987,ANE,Anchovy,6,XSA       F is Fbar 0-2,10-05_SG-MED 10-02
2005,678233,13849,6216,1.252,ANE,Anchovy,6,XSA       F is Fbar 0-2,10-05_SG-MED 10-02
2006,537656,8197,3096,0.74,ANE,Anchovy,6,XSA       F is Fbar 0-2,10-05_SG-MED 10-02
2007,1256093,15705,2570,0.88,ANE,Anchovy,6,XSA       F is Fbar 0-2,10-05_SG-MED 10-02
2008,2031213,19159,2558,0.406,ANE,Anchovy,6,XSA       F is Fbar 0-2,10-05_SG-MED 10-02
2009,1381797,26479,9814,0.89,ANE,Anchovy,6,XSA       F is Fbar 0-2,10-05_SG-MED 10-02
2007,150989,732,1680,1.94,MUT,Red mullet,18,XSA       F is Fbar 0-2,2012-11_STECF 12-19
2008,95451,589,914,1.22,MUT,Red mullet,18,XSA       F is Fbar 0-2,2012-11_STECF 12-19
2009,90702,451,954,1.8,MUT,Red mullet,18,XSA       F is Fbar 0-2,2012-11_STECF 12-19
2010,68208,461,601,1.03,MUT,Red mullet,18,XSA       F is Fbar 0-2,2012-11_STECF 12-19
2011,113221,365,532,1.48,MUT,Red mullet,18,XSA       F is Fbar 0-2,2012-11_STECF 12-19
2006,75413,1125,726.7,2.8129,MUT,Red mullet,19,XSA       F is Fbar 0-2,2013-04_STECF 13-05
2007,47093,715,462.7,1.8842,MUT,Red mullet,19,XSA       F is Fbar 0-2,2013-04_STECF 13-05
2008,54128,576,360.3,1.7647,MUT,Red mullet,19,XSA       F is Fbar 0-2,2013-04_STECF 13-05
2009,92169,600,420.2,1.5354,MUT,Red mullet,19,XSA       F is Fbar 0-2,2013-04_STECF 13-05
2010,49017,759,444,1.2818,MUT,Red mullet,19,XSA       F is Fbar 0-2,2013-04_STECF 13-05
2011,73221,714,474.2,1.9484,MUT,Red mullet,19,XSA       F is Fbar 0-2,2013-04_STECF 13-05
1997,372035,2015,3975,1.6786,HKE,Hake,6,XSA      F is Fbar 0-3.,2011-11_STECF 11-14
1998,347726,1687,3105,1.382,HKE,Hake,6,XSA      F is Fbar 0-3.,2011-11_STECF 11-14
1999,529020,1480,3854,1.669675,HKE,Hake,6,XSA      F is Fbar 0-3.,2011-11_STECF 11-14
2000,488272,1783,4873,1.66815,HKE,Hake,6,XSA      F is Fbar 0-3.,2011-11_STECF 11-14
2001,490999,2131,5275,1.91585,HKE,Hake,6,XSA      F is Fbar 0-3.,2011-11_STECF 11-14
2002,419905,1828,4048,1.577075,HKE,Hake,6,XSA      F is Fbar 0-3.,2011-11_STECF 11-14
2003,349408,1760,4161,1.860725,HKE,Hake,6,XSA      F is Fbar 0-3.,2011-11_STECF 11-14
2004,353550,1262,3760,1.676,HKE,Hake,6,XSA      F is Fbar 0-3.,2011-11_STECF 11-14
2005,287272,1859,4036,1.421575,HKE,Hake,6,XSA      F is Fbar 0-3.,2011-11_STECF 11-14
2006,282888,2186,4627,1.661825,HKE,Hake,6,XSA      F is Fbar 0-3.,2011-11_STECF 11-14
2007,215387,2100,3396,1.2795,HKE,Hake,6,XSA      F is Fbar 0-3.,2011-11_STECF 11-14
2008,362245,2074,3985,1.196575,HKE,Hake,6,XSA      F is Fbar 0-3.,2011-11_STECF 11-14
2009,283150,2506,5082,1.47685,HKE,Hake,6,XSA      F is Fbar 0-3.,2011-11_STECF 11-14
2010,194484,2326,3278,1.32535,HKE,Hake,6,XSA      F is Fbar 0-3.,2011-11_STECF 11-14
2005,,,,,SPC,Picarel,25,XSA      F is Fbar 0-3.,2011-11_STECF 11-14
2006,,,,,SPC,Picarel,25,XSA      F is Fbar 0-3.,2011-11_STECF 11-14
2007,,,,,SPC,Picarel,25,XSA      F is Fbar 0-3.,2011-11_STECF 11-14
2008,,,,,SPC,Picarel,25,XSA      F is Fbar 0-3.,2011-11_STECF 11-14
2009,,,,,SPC,Picarel,25,XSA      F is Fbar 0-3.,2011-11_STECF 11-14
2010,,1351,,0.08,SPC,Picarel,25,XSA      F is Fbar 0-3.,2011-11_STECF 11-14
2002,79159,871,723,1.1715,ARA,Blue and red shrimp,6,XSA      F is Fbar 0-3.,2012-11_STECF 12-19
2003,88314,670,583,1.2486,ARA,Blue and red shrimp,6,XSA      F is Fbar 0-3.,2012-11_STECF 12-19
2004,61740,587,577,1.6507,ARA,Blue and red shrimp,6,XSA      F is Fbar 0-3.,2012-11_STECF 12-19
2005,67708,311,308,1.3595,ARA,Blue and red shrimp,6,XSA      F is Fbar 0-3.,2012-11_STECF 12-19
2006,92304,430,354,0.7838,ARA,Blue and red shrimp,6,XSA      F is Fbar 0-3.,2012-11_STECF 12-19
2007,98365,723,579,0.8769,ARA,Blue and red shrimp,6,XSA      F is Fbar 0-3.,2012-11_STECF 12-19
2008,136780,768,730,1.1252,ARA,Blue and red shrimp,6,XSA      F is Fbar 0-3.,2012-11_STECF 12-19
2009,110589,854,743,1.0998,ARA,Blue and red shrimp,6,XSA      F is Fbar 0-3.,2012-11_STECF 12-19
2010,97608,850,647,1.0749,ARA,Blue and red shrimp,6,XSA      F is Fbar 0-3.,2012-11_STECF 12-19
2011,75451,925,669.5,1.0314,ARA,Blue and red shrimp,6,XSA      F is Fbar 0-3.,2012-11_STECF 12-19
2005,44094,507,867,2.25,HKE,Hake,11,XSA      F is Fbar 0-4,2013-11_STECF 13 -22
2006,56877,561,799.8,3.67,HKE,Hake,11,XSA      F is Fbar 0-4,2013-11_STECF 13 -22
2007,37914,193,442,1.62,HKE,Hake,11,XSA      F is Fbar 0-4,2013-11_STECF 13 -22
2008,38831,117,307.3,2.24,HKE,Hake,11,XSA      F is Fbar 0-4,2013-11_STECF 13 -22
2009,27157,109,260.5,2.16,HKE,Hake,11,XSA      F is Fbar 0-4,2013-11_STECF 13 -22
2010,28205,202,417.8,2.94,HKE,Hake,11,XSA      F is Fbar 0-4,2013-11_STECF 13 -22
2011,25347,228,389.1,4.82,HKE,Hake,11,XSA      F is Fbar 0-4,2013-11_STECF 13 -22
2012,7881,220,354.9,3.22,HKE,Hake,11,XSA      F is Fbar 0-4,2013-11_STECF 13 -22
2007,240110.9087,2532.168504,4117,0.988,HKE,Hake,18,XSA      F is Fbar 0-4,2013-11_STECF 13 -22
2008,177872.7559,2444.710958,4191,1.102,HKE,Hake,18,XSA      F is Fbar 0-4,2013-11_STECF 13 -22
2009,165840.5045,2984.011394,4070,0.919,HKE,Hake,18,XSA      F is Fbar 0-4,2013-11_STECF 13 -22
2010,170404.1945,2945.194937,3992,1.075,HKE,Hake,18,XSA      F is Fbar 0-4,2013-11_STECF 13 -22
2011,109898.2291,3446.559113,3831,1.105,HKE,Hake,18,XSA      F is Fbar 0-4,2013-11_STECF 13 -22
2012,208640.469,2270.768721,3086,1.095,HKE,Hake,18,XSA      F is Fbar 0-4,2013-11_STECF 13 -22
2006,41373,461,1565,1.191,HKE,Hake,19,XSA      F is Fbar 0-4,2013-11_STECF 13 -22
2007,28373,398,871,1.051,HKE,Hake,19,XSA      F is Fbar 0-4,2013-11_STECF 13 -22
2008,38052,479,931,0.731,HKE,Hake,19,XSA      F is Fbar 0-4,2013-11_STECF 13 -22
2009,17925,530,948,0.862,HKE,Hake,19,XSA      F is Fbar 0-4,2013-11_STECF 13 -22
2010,21095,479,804,1.038,HKE,Hake,19,XSA      F is Fbar 0-4,2013-11_STECF 13 -22
2011,34469,268,810,1.158,HKE,Hake,19,XSA      F is Fbar 0-4,2013-11_STECF 13 -22
2012,27706,225,657,1.364,HKE,Hake,19,XSA      F is Fbar 0-4,2013-11_STECF 13 -22
2010,,,,,HKE,Hake,5,XSA      F is Fbar 0-4,2012-04_STECF 12-03
2007,227659.9907,4600.155659,4895.935496,1.615501022,HKE,Hake,17,XSA      F is Fbar 0-4,2013-04_STECF 13-05
2008,261426.7425,3735.054204,4316.288791,1.916320854,HKE,Hake,17,XSA      F is Fbar 0-4,2013-04_STECF 13-05
2009,119326.7687,3512.888706,3908.558234,1.879239685,HKE,Hake,17,XSA      F is Fbar 0-4,2013-04_STECF 13-05
2010,81724.8759,2240.123836,2953.289809,2.071632232,HKE,Hake,17,XSA      F is Fbar 0-4,2013-04_STECF 13-05
2011,139864.128,1354.039267,2448.458602,1.910241315,HKE,Hake,17,XSA      F is Fbar 0-4,2013-04_STECF 13-05
2004,NA,NA,1138,NA,HKE,Hake,10,XSA       F is Fbar 0-5,2013-11_STECF 13 -22
2005,NA,NA,1299,NA,HKE,Hake,10,XSA       F is Fbar 0-5,2013-11_STECF 13 -22
2006,51812,1176.475871,1522,0.961,HKE,Hake,10,XSA       F is Fbar 0-5,2013-11_STECF 13 -22
2007,55046,1166.174205,1251,0.989,HKE,Hake,10,XSA       F is Fbar 0-5,2013-11_STECF 13 -22
2008,45353,1035.013912,1112,1.162,HKE,Hake,10,XSA       F is Fbar 0-5,2013-11_STECF 13 -22
2009,75533,839.5345459,1077,0.693,HKE,Hake,10,XSA       F is Fbar 0-5,2013-11_STECF 13 -22
2010,43724,1246.869448,1292,0.825,HKE,Hake,10,XSA       F is Fbar 0-5,2013-11_STECF 13 -22
2011,41095,1211.308285,1200,1.031,HKE,Hake,10,XSA       F is Fbar 0-5,2013-11_STECF 13 -22
2012,51457,978.085964,1082,0.962,HKE,Hake,10,XSA       F is Fbar 0-5,2013-11_STECF 13 -22
1990,233469,6985,2476,0.5346,MUT,Red mullet,29,XSA       F is Fbar 0-5,2013-10_STECF 13-20
1991,223274,6184,2922,0.7503,MUT,Red mullet,29,XSA       F is Fbar 0-5,2013-10_STECF 13-20
1992,225269,4693,2251,0.7795,MUT,Red mullet,29,XSA       F is Fbar 0-5,2013-10_STECF 13-20
1993,196888,4040,229,0.0894,MUT,Red mullet,29,XSA       F is Fbar 0-5,2013-10_STECF 13-20
1994,168236,5681,1294,0.267,MUT,Red mullet,29,XSA       F is Fbar 0-5,2013-10_STECF 13-20
1995,124433,5745,1389,0.2956,MUT,Red mullet,29,XSA       F is Fbar 0-5,2013-10_STECF 13-20
1996,135824,5167,2325,0.6057,MUT,Red mullet,29,XSA       F is Fbar 0-5,2013-10_STECF 13-20
1997,194210,3340,1241,0.5082,MUT,Red mullet,29,XSA       F is Fbar 0-5,2013-10_STECF 13-20
1998,196191,3128,1542,0.8895,MUT,Red mullet,29,XSA       F is Fbar 0-5,2013-10_STECF 13-20
1999,173453,2983,1945,0.9131,MUT,Red mullet,29,XSA       F is Fbar 0-5,2013-10_STECF 13-20
2000,137680,2340,1042,0.4837,MUT,Red mullet,29,XSA       F is Fbar 0-5,2013-10_STECF 13-20
2001,121741,2461,1255,0.7321,MUT,Red mullet,29,XSA       F is Fbar 0-5,2013-10_STECF 13-20
2002,192499,2085,947,0.6058,MUT,Red mullet,29,XSA       F is Fbar 0-5,2013-10_STECF 13-20
2003,278478,2339,719,0.5091,MUT,Red mullet,29,XSA       F is Fbar 0-5,2013-10_STECF 13-20
2004,337916,3870,784,0.5074,MUT,Red mullet,29,XSA       F is Fbar 0-5,2013-10_STECF 13-20
2005,275585,3506,1245,0.8235,MUT,Red mullet,29,XSA       F is Fbar 0-5,2013-10_STECF 13-20
2006,249009,3100,1106,0.6469,MUT,Red mullet,29,XSA       F is Fbar 0-5,2013-10_STECF 13-20
2007,297800,2798,881,0.5429,MUT,Red mullet,29,XSA       F is Fbar 0-5,2013-10_STECF 13-20
2008,360194,2067,838,0.6547,MUT,Red mullet,29,XSA       F is Fbar 0-5,2013-10_STECF 13-20
2009,271033,2070,1139,0.8103,MUT,Red mullet,29,XSA       F is Fbar 0-5,2013-10_STECF 13-20
2010,251696,1622,780,0.6245,MUT,Red mullet,29,XSA       F is Fbar 0-5,2013-10_STECF 13-20
2011,262263,1457,795,0.6753,MUT,Red mullet,29,XSA       F is Fbar 0-5,2013-10_STECF 13-20
2012,234317,1290,623,0.6938,MUT,Red mullet,29,XSA       F is Fbar 0-5,2013-10_STECF 13-20
2002,,,535.973,,HKE,Hake,1,XSA       F is Fbar 1-2,2013-11_STECF 13 -22
2003,18095.6,338.1,466.361,1.4,HKE,Hake,1,XSA       F is Fbar 1-2,2013-11_STECF 13 -22
2004,10888.6,317.3,548.967,1.66,HKE,Hake,1,XSA       F is Fbar 1-2,2013-11_STECF 13 -22
2005,5435.8,285.2,337.188,1.31,HKE,Hake,1,XSA       F is Fbar 1-2,2013-11_STECF 13 -22
2006,12929.5,258.1,343.782,1.21,HKE,Hake,1,XSA       F is Fbar 1-2,2013-11_STECF 13 -22
2007,7502.1,229.1,319.991,1.2,HKE,Hake,1,XSA       F is Fbar 1-2,2013-11_STECF 13 -22
2008,17076.5,277.2,326.27,1.01,HKE,Hake,1,XSA       F is Fbar 1-2,2013-11_STECF 13 -22
2009,12675.5,350.1,619.199,1.62,HKE,Hake,1,XSA       F is Fbar 1-2,2013-11_STECF 13 -22
2010,17749.9,366,617.529,1.7,HKE,Hake,1,XSA       F is Fbar 1-2,2013-11_STECF 13 -22
2011,13314.6,337.6,683.011,2.17,HKE,Hake,1,XSA       F is Fbar 1-2,2013-11_STECF 13 -22
2012,7112.1,265.8,460.286,1.57,HKE,Hake,1,XSA       F is Fbar 1-2,2013-11_STECF 13 -22
2000,1283.6,46.7,27.8,1.2,MUT,Red mullet,5,XSA       F is Fbar 1-2,STECF 13-19
2001,868.4,38.4,22.3,1.16,MUT,Red mullet,5,XSA       F is Fbar 1-2,STECF 13-19
2002,1468.5,26.5,14.4,1.12,MUT,Red mullet,5,XSA       F is Fbar 1-2,STECF 13-19
2003,1113.1,31,10.5,0.58,MUT,Red mullet,5,XSA       F is Fbar 1-2,STECF 13-19
2004,712.6,38.2,20.3,0.89,MUT,Red mullet,5,XSA       F is Fbar 1-2,STECF 13-19
2005,880.1,25.8,12.7,0.61,MUT,Red mullet,5,XSA       F is Fbar 1-2,STECF 13-19
2006,1260.1,26.1,11.3,0.72,MUT,Red mullet,5,XSA       F is Fbar 1-2,STECF 13-19
2007,1064.2,32.9,13.7,0.7,MUT,Red mullet,5,XSA       F is Fbar 1-2,STECF 13-19
2008,1111,35.3,17.9,0.86,MUT,Red mullet,5,XSA       F is Fbar 1-2,STECF 13-19
2009,1240.2,32.8,11.9,0.54,MUT,Red mullet,5,XSA       F is Fbar 1-2,STECF 13-19
2010,1342.1,40,15.7,0.65,MUT,Red mullet,5,XSA       F is Fbar 1-2,STECF 13-19
2011,914.9,43.3,25.5,1.17,MUT,Red mullet,5,XSA       F is Fbar 1-2,STECF 13-19
2012,1045.1,28.9,15.9,1.07,MUT,Red mullet,5,XSA       F is Fbar 1-2,STECF 13-19
2002,,,95,,MUT,Red mullet,1,XSA       F is Fbar 1-2,2011-11_STECF 11-14
2003,11492,173,139,1.87245,MUT,Red mullet,1,XSA       F is Fbar 1-2,2011-11_STECF 11-14
2004,9213,174,128,1.85995,MUT,Red mullet,1,XSA       F is Fbar 1-2,2011-11_STECF 11-14
2005,12170,201,112,1.84505,MUT,Red mullet,1,XSA       F is Fbar 1-2,2011-11_STECF 11-14
2006,15419,203,124,1.91535,MUT,Red mullet,1,XSA       F is Fbar 1-2,2011-11_STECF 11-14
2007,16082,248,148,1.6846,MUT,Red mullet,1,XSA       F is Fbar 1-2,2011-11_STECF 11-14
2008,17266,273,153,1.34905,MUT,Red mullet,1,XSA       F is Fbar 1-2,2011-11_STECF 11-14
2009,15735,290,225,1.92755,MUT,Red mullet,1,XSA       F is Fbar 1-2,2011-11_STECF 11-14
2010,26223,266,200,1.86435,MUT,Red mullet,1,XSA       F is Fbar 1-2,2011-11_STECF 11-14
2002,769730,3511,3268,2.7351,ANE,Anchovy,1,XSA       F is Fbar 1-3,10-05_SG-MED 10-02
2003,186154,904,245,0.2948,ANE,Anchovy,1,XSA       F is Fbar 1-3,10-05_SG-MED 10-02
2004,188040,1697,746,0.6607,ANE,Anchovy,1,XSA       F is Fbar 1-3,10-05_SG-MED 10-02
2005,110016,1433,518,0.4953,ANE,Anchovy,1,XSA       F is Fbar 1-3,10-05_SG-MED 10-02
2006,60968,1101,637,1.1685,ANE,Anchovy,1,XSA       F is Fbar 1-3,10-05_SG-MED 10-02
2007,47110,420,245,0.8842,ANE,Anchovy,1,XSA       F is Fbar 1-3,10-05_SG-MED 10-02
2008,26143,325,178,1.2204,ANE,Anchovy,1,XSA       F is Fbar 1-3,10-05_SG-MED 10-02
2009,155679,526,292,1.051,ANE,Anchovy,1,XSA       F is Fbar 1-3,10-05_SG-MED 10-02
2000,557790,1113,901,0.772,ANE,Anchovy,20,XSA       F is Fbar 1-3,10-05_SG-MED 10-02
2001,1140500,1241,515,0.468,ANE,Anchovy,20,XSA       F is Fbar 1-3,10-05_SG-MED 10-02
2002,484750,2017,462,0.375,ANE,Anchovy,20,XSA       F is Fbar 1-3,10-05_SG-MED 10-02
2003,700840,769,1929,2.063,ANE,Anchovy,20,XSA       F is Fbar 1-3,10-05_SG-MED 10-02
2004,770850,724,1148,0.194,ANE,Anchovy,20,XSA       F is Fbar 1-3,10-05_SG-MED 10-02
2005,634510,823,979,0.986,ANE,Anchovy,20,XSA       F is Fbar 1-3,10-05_SG-MED 10-02
2006,965640,678,665,0.734,ANE,Anchovy,20,XSA       F is Fbar 1-3,10-05_SG-MED 10-02
2007,672950,1272,337,0.281,ANE,Anchovy,20,XSA       F is Fbar 1-3,10-05_SG-MED 10-02
2008,635180,1191,1313,0.814,ANE,Anchovy,20,XSA       F is Fbar 1-3,10-05_SG-MED 10-02
1994,6040022,117368,52439,1.8195,PIL,Sardine,6,XSA       F is Fbar 1-3,10-05_SG-MED 10-02
1995,5948975,103545,48525,1.6734,PIL,Sardine,6,XSA       F is Fbar 1-3,10-05_SG-MED 10-02
1996,5742979,86506,44387,1.5495,PIL,Sardine,6,XSA       F is Fbar 1-3,10-05_SG-MED 10-02
1997,5054404,84226,35618,1.4208,PIL,Sardine,6,XSA       F is Fbar 1-3,10-05_SG-MED 10-02
1998,4802555,85926,32274,1.213,PIL,Sardine,6,XSA       F is Fbar 1-3,10-05_SG-MED 10-02
1999,4425282,94079,36142,1.2743,PIL,Sardine,6,XSA       F is Fbar 1-3,10-05_SG-MED 10-02
2000,3631401,78547,36972,1.3634,PIL,Sardine,6,XSA       F is Fbar 1-3,10-05_SG-MED 10-02
2001,2836727,65125,30275,1.8111,PIL,Sardine,6,XSA       F is Fbar 1-3,10-05_SG-MED 10-02
2002,2984487,53924,18762,0.9394,PIL,Sardine,6,XSA       F is Fbar 1-3,10-05_SG-MED 10-02
2003,4642090,68041,20817,0.8211,PIL,Sardine,6,XSA       F is Fbar 1-3,10-05_SG-MED 10-02
2004,4293528,75016,24874,0.8246,PIL,Sardine,6,XSA       F is Fbar 1-3,10-05_SG-MED 10-02
2005,3692886,67472,22081,0.7071,PIL,Sardine,6,XSA       F is Fbar 1-3,10-05_SG-MED 10-02
2006,2336038,68187,29381,1.0327,PIL,Sardine,6,XSA       F is Fbar 1-3,10-05_SG-MED 10-02
2007,1198252,42810,23984,1.1754,PIL,Sardine,6,XSA       F is Fbar 1-3,10-05_SG-MED 10-02
2008,1154797,25319,14123,2.5166,PIL,Sardine,6,XSA       F is Fbar 1-3,10-05_SG-MED 10-02
2009,2299125,25973,7896,1.199,PIL,Sardine,6,XSA       F is Fbar 1-3,10-05_SG-MED 10-02
2000,362000,1302,706,0.74,PIL,Sardine,20,XSA       F is Fbar 1-3,10-05_SG-MED 10-02
2001,485000,1199,611,0.67,PIL,Sardine,20,XSA       F is Fbar 1-3,10-05_SG-MED 10-02
2002,562000,1474,617,0.6,PIL,Sardine,20,XSA       F is Fbar 1-3,10-05_SG-MED 10-02
2003,587000,1815,1159,0.92,PIL,Sardine,20,XSA       F is Fbar 1-3,10-05_SG-MED 10-02
2004,922000,1944,698,0.49,PIL,Sardine,20,XSA       F is Fbar 1-3,10-05_SG-MED 10-02
2005,667000,2863,1900,0.97,PIL,Sardine,20,XSA       F is Fbar 1-3,10-05_SG-MED 10-02
2006,1055000,2572,1402,0.72,PIL,Sardine,20,XSA       F is Fbar 1-3,10-05_SG-MED 10-02
2007,1825000,3613,561,0.24,PIL,Sardine,20,XSA       F is Fbar 1-3,10-05_SG-MED 10-02
2008,1015000,5651,2943,0.68,PIL,Sardine,20,XSA       F is Fbar 1-3,10-05_SG-MED 10-02
2003,146588.02,157,211.6,1.18,DPS,Deepwater pink shrimp,1,XSA       F is Fbar 1-3,2013-11_STECF 13 -22
2004,80759.99,135.91,172.3,1.19,DPS,Deepwater pink shrimp,1,XSA       F is Fbar 1-3,2013-11_STECF 13 -22
2005,62178.22,79.75,110.1,0.89,DPS,Deepwater pink shrimp,1,XSA       F is Fbar 1-3,2013-11_STECF 13 -22
2006,160071.53,80.74,65.6,0.72,DPS,Deepwater pink shrimp,1,XSA       F is Fbar 1-3,2013-11_STECF 13 -22
2007,222545.7,85.87,78.9,0.73,DPS,Deepwater pink shrimp,1,XSA       F is Fbar 1-3,2013-11_STECF 13 -22
2008,157164.17,156.4,126.3,0.57,DPS,Deepwater pink shrimp,1,XSA       F is Fbar 1-3,2013-11_STECF 13 -22
2009,177507.57,285.8,250.2,0.73,DPS,Deepwater pink shrimp,1,XSA       F is Fbar 1-3,2013-11_STECF 13 -22
2010,255492.64,192.37,96.5,0.36,DPS,Deepwater pink shrimp,1,XSA       F is Fbar 1-3,2013-11_STECF 13 -22
2011,712370.21,285.42,169.3,0.48,DPS,Deepwater pink shrimp,1,XSA       F is Fbar 1-3,2013-11_STECF 13 -22
2012,170588.67,415.69,239.1,0.43,DPS,Deepwater pink shrimp,1,XSA       F is Fbar 1-3,2013-11_STECF 13 -22
2006,6556,142,62.61,0.772,ARS,Giant red shrimp,9,XSA       F is Fbar 1-3,2013-11_STECF 13 -22
2007,9267,93,36.65,0.877,ARS,Giant red shrimp,9,XSA       F is Fbar 1-3,2013-11_STECF 13 -22
2008,11331,65,24.39,0.664,ARS,Giant red shrimp,9,XSA       F is Fbar 1-3,2013-11_STECF 13 -22
2009,20322,81,34.29,0.837,ARS,Giant red shrimp,9,XSA       F is Fbar 1-3,2013-11_STECF 13 -22
2010,20801,104,36.85,0.653,ARS,Giant red shrimp,9,XSA       F is Fbar 1-3,2013-11_STECF 13 -22
2011,11690,161,68.43,0.82,ARS,Giant red shrimp,9,XSA       F is Fbar 1-3,2013-11_STECF 13 -22
2012,9841,126,52.38,0.619,ARS,Giant red shrimp,9,XSA       F is Fbar 1-3,2013-11_STECF 13 -22
2002,,,161,,DPS,Deepwater pink shrimp,9,XSA       F is Fbar 1-3,2011-11_STECF 11-14
2003,,,323,,DPS,Deepwater pink shrimp,9,XSA       F is Fbar 1-3,2011-11_STECF 11-14
2004,,,376,,DPS,Deepwater pink shrimp,9,XSA       F is Fbar 1-3,2011-11_STECF 11-14
2005,,,431,,DPS,Deepwater pink shrimp,9,XSA       F is Fbar 1-3,2011-11_STECF 11-14
2006,107400,860.2,462,1.26,DPS,Deepwater pink shrimp,9,XSA       F is Fbar 1-3,2011-11_STECF 11-14
2007,111100,552.5,217,0.86,DPS,Deepwater pink shrimp,9,XSA       F is Fbar 1-3,2011-11_STECF 11-14
2008,133700,588.9,254,1,DPS,Deepwater pink shrimp,9,XSA       F is Fbar 1-3,2011-11_STECF 11-14
2009,414800,632.5,298,0.65,DPS,Deepwater pink shrimp,9,XSA       F is Fbar 1-3,2011-11_STECF 11-14
2010,231200,1467.7,463,0.29,DPS,Deepwater pink shrimp,9,XSA       F is Fbar 1-3,2011-11_STECF 11-14
2000,8414665,12177,18075,0.805,PIL,Sardine,22,XSA       F is Fbar 1-3,2012-04_STECF 12-03
2001,5979688,9877,19115,1.076,PIL,Sardine,22,XSA       F is Fbar 1-3,2012-04_STECF 12-03
2002,5666954,8040,11483,0.704,PIL,Sardine,22,XSA       F is Fbar 1-3,2012-04_STECF 12-03
2003,6049096,5704,8260,0.54,PIL,Sardine,22,XSA       F is Fbar 1-3,2012-04_STECF 12-03
2004,6157934,9122,8660,0.443,PIL,Sardine,22,XSA       F is Fbar 1-3,2012-04_STECF 12-03
2005,5387440,10785,14444,0.801,PIL,Sardine,22,XSA       F is Fbar 1-3,2012-04_STECF 12-03
2006,5017727,9390,12984,0.856,PIL,Sardine,22,XSA       F is Fbar 1-3,2012-04_STECF 12-03
2007,6347948,7204,9064,0.689,PIL,Sardine,22,XSA       F is Fbar 1-3,2012-04_STECF 12-03
2008,6459115,8037,9700,0.752,PIL,Sardine,22,XSA       F is Fbar 1-3,2012-04_STECF 12-03
2000,12786927,13246,9762,0.732,ANE,Anchovy,22,XSA       F is Fbar 1-3,2012-04_STECF 12-03
2001,17067680,15940,8232,0.532,ANE,Anchovy,22,XSA       F is Fbar 1-3,2012-04_STECF 12-03
2002,15682110,21989,8549,0.415,ANE,Anchovy,22,XSA       F is Fbar 1-3,2012-04_STECF 12-03
2003,17676861,28482,14002,0.498,ANE,Anchovy,22,XSA       F is Fbar 1-3,2012-04_STECF 12-03
2004,24252908,30546,16099,0.604,ANE,Anchovy,22,XSA       F is Fbar 1-3,2012-04_STECF 12-03
2005,26392228,21439,16347,0.613,ANE,Anchovy,22,XSA       F is Fbar 1-3,2012-04_STECF 12-03
2006,27949854,20315,22311,0.723,ANE,Anchovy,22,XSA       F is Fbar 1-3,2012-04_STECF 12-03
2007,39024315,21066,21500,0.605,ANE,Anchovy,22,XSA       F is Fbar 1-3,2012-04_STECF 12-03
2008,38441213,25622,24480,0.576,ANE,Anchovy,22,XSA       F is Fbar 1-3,2012-04_STECF 12-03
2006,29262,262.7860114,412,1.05,ARS,Giant red shrimp,10,XSA       F is Fbar 1-3,2013-04_STECF 13-05
2007,12923,167.855811,291,1.38,ARS,Giant red shrimp,10,XSA       F is Fbar 1-3,2013-04_STECF 13-05
2008,8861,115.7739812,113,0.69,ARS,Giant red shrimp,10,XSA       F is Fbar 1-3,2013-04_STECF 13-05
2009,25775,196.4405212,207,0.4,ARS,Giant red shrimp,10,XSA       F is Fbar 1-3,2013-04_STECF 13-05
2010,22098,169.4592829,189,0.65,ARS,Giant red shrimp,10,XSA       F is Fbar 1-3,2013-04_STECF 13-05
2011,6552,242.8934666,141,0.48,ARS,Giant red shrimp,10,XSA       F is Fbar 1-3,2013-04_STECF 13-05
2011,84416,1246,1594,1.67,ARS,Giant red shrimp,12_16,XSA       F is Fbar 1-4.,2013-04_STECF 13-05
2005,NA,NA,1409,,MUT,Red mullet,15-16,XSA        F is Fbar 1-5.,2012-11_STECF 12-19
2006,134678,2167.4,1131,1.7,MUT,Red mullet,15-16,XSA        F is Fbar 1-5.,2012-11_STECF 12-19
2007,131194,2389.4,1381,1.8,MUT,Red mullet,15-16,XSA        F is Fbar 1-5.,2012-11_STECF 12-19
2008,78262,2108.2,1191,1.4,MUT,Red mullet,15-16,XSA        F is Fbar 1-5.,2012-11_STECF 12-19
2009,51944,1472.3,810,1.5,MUT,Red mullet,15-16,XSA        F is Fbar 1-5.,2012-11_STECF 12-19
2010,58061,1028.6,770,1.5,MUT,Red mullet,15-16,XSA        F is Fbar 1-5.,2012-11_STECF 12-19
2011,68931,1146.9,608.5,1.3,MUT,Red mullet,15-16,XSA        F is Fbar 1-5.,2012-11_STECF 12-19
2001,224.89,15.04,13.353,0.56,ANK,Black-bellied anglerfish,5,XSA        F is Fbar 1-5.,2013-04_STECF 13-05
2002,171.29,14.42,15.921,0.63,ANK,Black-bellied anglerfish,5,XSA        F is Fbar 1-5.,2013-04_STECF 13-05
2003,154.48,14.71,16.061,0.38,ANK,Black-bellied anglerfish,5,XSA        F is Fbar 1-5.,2013-04_STECF 13-05
2004,142.72,19.65,18.422,0.51,ANK,Black-bellied anglerfish,5,XSA        F is Fbar 1-5.,2013-04_STECF 13-05
2005,121.7,20.12,19.054,0.68,ANK,Black-bellied anglerfish,5,XSA        F is Fbar 1-5.,2013-04_STECF 13-05
2006,144.49,16.55,19.131,0.64,ANK,Black-bellied anglerfish,5,XSA        F is Fbar 1-5.,2013-04_STECF 13-05
2007,125.93,21.29,24.485,0.95,ANK,Black-bellied anglerfish,5,XSA        F is Fbar 1-5.,2013-04_STECF 13-05
2008,173.42,15.52,22.138,1.16,ANK,Black-bellied anglerfish,5,XSA        F is Fbar 1-5.,2013-04_STECF 13-05
2009,172.87,10.48,15.246,0.91,ANK,Black-bellied anglerfish,5,XSA        F is Fbar 1-5.,2013-04_STECF 13-05
2010,147.6,12.57,17.366,1.14,ANK,Black-bellied anglerfish,5,XSA        F is Fbar 1-5.,2013-04_STECF 13-05
2011,149.68,11.6,21.755,1.33,ANK,Black-bellied anglerfish,5,XSA        F is Fbar 1-5.,2013-04_STECF 13-05
2001,120807,256.6,331,2.19,DPS,Deepwater pink shrimp,6,XSA        F is Fbar 2-4,2013-11_STECF 13 -22
2002,85902,146.1,165,1.39,DPS,Deepwater pink shrimp,6,XSA        F is Fbar 2-4,2013-11_STECF 13 -22
2003,89845,126.9,116,1.73,DPS,Deepwater pink shrimp,6,XSA        F is Fbar 2-4,2013-11_STECF 13 -22
2004,91125,113.4,76,0.73,DPS,Deepwater pink shrimp,6,XSA        F is Fbar 2-4,2013-11_STECF 13 -22
2005,78656,145.1,102,0.9,DPS,Deepwater pink shrimp,6,XSA        F is Fbar 2-4,2013-11_STECF 13 -22
2006,96923,142.3,123,1.21,DPS,Deepwater pink shrimp,6,XSA        F is Fbar 2-4,2013-11_STECF 13 -22
2007,124787,125.2,107,1.67,DPS,Deepwater pink shrimp,6,XSA        F is Fbar 2-4,2013-11_STECF 13 -22
2008,105814,121.2,104,1.23,DPS,Deepwater pink shrimp,6,XSA        F is Fbar 2-4,2013-11_STECF 13 -22
2009,86443,147.3,116,1.48,DPS,Deepwater pink shrimp,6,XSA        F is Fbar 2-4,2013-11_STECF 13 -22
2010,109235,153.1,141,1.77,DPS,Deepwater pink shrimp,6,XSA        F is Fbar 2-4,2013-11_STECF 13 -22
2011,95250,124.8,92,1.43,DPS,Deepwater pink shrimp,6,XSA        F is Fbar 2-4,2013-11_STECF 13 -22
2012,126196,145.1,120,1.48,DPS,Deepwater pink shrimp,6,XSA        F is Fbar 2-4,2013-11_STECF 13 -22
2004,,,1195,,HKE,Hake,9,XSA        F is Fbar 2-4,2011-11_STECF 11-14
2005,199619,943.59,1920,1.88,HKE,Hake,9,XSA        F is Fbar 2-4,2011-11_STECF 11-14
2006,105797,1298.21,2330,3.6,HKE,Hake,9,XSA        F is Fbar 2-4,2011-11_STECF 11-14
2007,81547,1183.62,1753,2.02,HKE,Hake,9,XSA        F is Fbar 2-4,2011-11_STECF 11-14
2008,174804,1102.98,1330,1.67,HKE,Hake,9,XSA        F is Fbar 2-4,2011-11_STECF 11-14
2009,164863,1037.09,1329,1.53,HKE,Hake,9,XSA        F is Fbar 2-4,2011-11_STECF 11-14
2010,52981,1443.73,1484,2,HKE,Hake,9,XSA        F is Fbar 2-4,2011-11_STECF 11-14
2005,,,1288,,ARS,Giant red shrimp,12_16,XSA       F is Fbar 2-5.,2013-04_STECF 13-05
2006,74858,1116,1454,1.96,ARS,Giant red shrimp,12_16,XSA       F is Fbar 2-5.,2013-04_STECF 13-05
2007,43424,722,1575,1.51,ARS,Giant red shrimp,12_16,XSA       F is Fbar 2-5.,2013-04_STECF 13-05
2008,82240,1160,1287,1.37,ARS,Giant red shrimp,12_16,XSA       F is Fbar 2-5.,2013-04_STECF 13-05
2009,82530,1210,1655,1.68,ARS,Giant red shrimp,12_16,XSA       F is Fbar 2-5.,2013-04_STECF 13-05
2010,90469,1270,1684,1.87,ARS,Giant red shrimp,12_16,XSA       F is Fbar 2-5.,2013-04_STECF 13-05
2004,457000,10610,2789.304,0.48,ANE,Anchovy,16,XSA       F is Fbar 2-5.,2013-04_STECF 13-05
2005,412000,10482,3019.81,0.46,ANE,Anchovy,16,XSA       F is Fbar 2-5.,2013-04_STECF 13-05
2006,441000,11263,4052.47,0.68,ANE,Anchovy,16,XSA       F is Fbar 2-5.,2013-04_STECF 13-05
2007,700000,15161,2917.98,0.73,ANE,Anchovy,16,XSA       F is Fbar 2-5.,2013-04_STECF 13-05
2008,366000,12511,3671.39,0.48,ANE,Anchovy,16,XSA       F is Fbar 2-5.,2013-04_STECF 13-05
2009,1044000,23242,5486.19,0.91,ANE,Anchovy,16,XSA       F is Fbar 2-5.,2013-04_STECF 13-05
2010,747000,12089,4207.39,0.86,ANE,Anchovy,16,XSA       F is Fbar 2-5.,2013-04_STECF 13-05
2011,379000,10734,4018.22,0.72,ANE,Anchovy,16,XSA       F is Fbar 2-5.,2013-04_STECF 13-05
2006,10973.3,1499.6,917.51,0.92,PAC,Common pandora,15-16,XSA       F is Fbar 2-7.,2012-11_STECF 12-19
2007,9792.9,984.85,487.73,1.18,PAC,Common pandora,15-16,XSA       F is Fbar 2-7.,2012-11_STECF 12-19
2008,8647,734.76,411.53,0.65,PAC,Common pandora,15-16,XSA       F is Fbar 2-7.,2012-11_STECF 12-19
2009,7547,655.93,295.79,0.63,PAC,Common pandora,15-16,XSA       F is Fbar 2-7.,2012-11_STECF 12-19
2010,1107.8,619.52,319.08,0.78,PAC,Common pandora,15-16,XSA       F is Fbar 2-7.,2012-11_STECF 12-19
2011,4847.5,548.59,272.64,0.72,PAC,Common pandora,15-16,XSA       F is Fbar 2-7.,2012-11_STECF 12-19
2002,5008.9,43,,0.5,NEP,Norway lobster,5,XSA      F is Fbar 3-7.,2012-11_STECF 12-19
2003,4864.4,40.5,,0.55,NEP,Norway lobster,5,XSA      F is Fbar 3-7.,2012-11_STECF 12-19
2004,4553.7,39.8,,0.52,NEP,Norway lobster,5,XSA      F is Fbar 3-7.,2012-11_STECF 12-19
2005,6319.9,39.5,,0.4,NEP,Norway lobster,5,XSA      F is Fbar 3-7.,2012-11_STECF 12-19
2006,6440.7,42.9,,0.35,NEP,Norway lobster,5,XSA      F is Fbar 3-7.,2012-11_STECF 12-19
2007,5814.4,53.9,,0.43,NEP,Norway lobster,5,XSA      F is Fbar 3-7.,2012-11_STECF 12-19
2008,6720.3,55.2,,0.6,NEP,Norway lobster,5,XSA      F is Fbar 3-7.,2012-11_STECF 12-19
2009,5065.2,48.2,,0.41,NEP,Norway lobster,5,XSA      F is Fbar 3-7.,2012-11_STECF 12-19
2010,5365.9,47.8,,0.48,NEP,Norway lobster,5,XSA      F is Fbar 3-7.,2012-11_STECF 12-19
2011,5454.7,46.3,,0.74,NEP,Norway lobster,5,XSA      F is Fbar 3-7.,2012-11_STECF 12-19
2002,73037,2456,2616,3.02,MUR,Striped red mullet,15-16,XSA      F is Fbar 1-4,STECF 13-19
2003,70823,1821.5,1657,1.8,MUR,Striped red mullet,15-16,XSA      F is Fbar 1-4,STECF 13-19
2004,37868,2038.6,2092,1.66,MUR,Striped red mullet,15-16,XSA      F is Fbar 1-4,STECF 13-19
2005,66524,1370.3,1016,1.33,MUR,Striped red mullet,15-16,XSA      F is Fbar 1-4,STECF 13-19
2006,79440,2378.4,1863,1.5,MUR,Striped red mullet,15-16,XSA      F is Fbar 1-4,STECF 13-19
2007,38484,2593.4,2344,1.64,MUR,Striped red mullet,15-16,XSA      F is Fbar 1-4,STECF 13-19
2008,25852,1595.9,1472,1.57,MUR,Striped red mullet,15-16,XSA      F is Fbar 1-4,STECF 13-19
2009,38113,1043,907,1.52,MUR,Striped red mullet,15-16,XSA      F is Fbar 1-4,STECF 13-19
2010,19406,1323.9,1169,1.05,MUR,Striped red mullet,15-16,XSA      F is Fbar 1-4,STECF 13-19
2011,77618,1264.1,1080,1.2,MUR,Striped red mullet,15-16,XSA      F is Fbar 1-4,STECF 13-19
2012,41971,2462.3,753,0.78,MUR,Striped red mullet,15-16,XSA      F is Fbar 1-4,STECF 13-19
2008,,,1246,,DPS,Deepwater pink shrimp,18,,???2013-04_STECF 13-05
2009,,,1245,,DPS,Deepwater pink shrimp,18,,???2013-04_STECF 13-05
2010,,,1322,,DPS,Deepwater pink shrimp,18,,???2013-04_STECF 13-05
2011,,,1217,,DPS,Deepwater pink shrimp,18,,???2013-04_STECF 13-05
1990,,,1888.513,,DPS,Deepwater pink shrimp,22-23,,10-05_SG-MED 10-02
1991,,,1824.329,,DPS,Deepwater pink shrimp,22-23,,10-05_SG-MED 10-02
1992,,,2163.206,,DPS,Deepwater pink shrimp,22-23,,10-05_SG-MED 10-02
1993,,,1694.702,,DPS,Deepwater pink shrimp,22-23,,10-05_SG-MED 10-02
1994,,,1496.383,,DPS,Deepwater pink shrimp,22-23,,10-05_SG-MED 10-02
1995,,,1343.222,,DPS,Deepwater pink shrimp,22-23,,10-05_SG-MED 10-02
1996,,,1578.755,,DPS,Deepwater pink shrimp,22-23,,10-05_SG-MED 10-02
1997,,,2030.731,,DPS,Deepwater pink shrimp,22-23,,10-05_SG-MED 10-02
1998,,,1788.189,,DPS,Deepwater pink shrimp,22-23,,10-05_SG-MED 10-02
1999,,,1671.383,,DPS,Deepwater pink shrimp,22-23,,10-05_SG-MED 10-02
2000,,,1454.717,,DPS,Deepwater pink shrimp,22-23,,10-05_SG-MED 10-02
2001,,,1393.277,,DPS,Deepwater pink shrimp,22-23,,10-05_SG-MED 10-02
2002,,,1839.917,,DPS,Deepwater pink shrimp,22-23,,10-05_SG-MED 10-02
2003,,,2165.687,,DPS,Deepwater pink shrimp,22-23,,10-05_SG-MED 10-02
2004,,,2246.627,,DPS,Deepwater pink shrimp,22-23,,10-05_SG-MED 10-02
2005,,,3393.46,,DPS,Deepwater pink shrimp,22-23,,10-05_SG-MED 10-02
2006,,,2363.18,,DPS,Deepwater pink shrimp,22-23,,10-05_SG-MED 10-02
2004,,,1904,,NEP,Norway lobster,17,,10-05_SG-MED 10-02
2005,,,1975,,NEP,Norway lobster,17,,10-05_SG-MED 10-02
2006,,,1676,,NEP,Norway lobster,17,,10-05_SG-MED 10-02
2007,,,1470,,NEP,Norway lobster,17,,10-05_SG-MED 10-02
2008,,,1278,,NEP,Norway lobster,17,,10-05_SG-MED 10-02
,,,,,SHO,Blackmouth,9,,2011-11_STECF 11-14
,,,,,PIC,Blotched picarel,20,,2012-11_STECF 12-21
,,,,,PIC,Blotched picarel,22-23,,2012-11_STECF 12-21
,,,,,BOG,Bogue,22-23,,2012-11_STECF 12-21
,,,,,SPC,Picarel,20,,2012-11_STECF 12-21
,,,,,SPC,Picarel,22-23,,2012-11_STECF 12-21
,,,,,NEP,Norway lobster,20,,2012-11_STECF 12-21
,,,,,NEP,Norway lobster,22-23,,2012-11_STECF 12-21
,,,,,MUT,Red mullet,20,,2012-11_STECF 12-21
,,,,,MUT,Red mullet,22-23,,2012-11_STECF 12-21
,,,,,MUR,Striped red mullet,20,,2012-11_STECF 12-21
,,,,,MUR,Striped red mullet,22-23,,2012-11_STECF 12-21
,,,,,OCC,Common,5,,
